-- phpMyAdmin SQL Dump
-- version 4.9.1
-- https://www.phpmyadmin.net/
--
-- Servidor: localhost
-- Tiempo de generación: 22-11-2023 a las 00:05:22
-- Versión del servidor: 8.0.17
-- Versión de PHP: 7.3.10

SET SQL_MODE = "NO_AUTO_VALUE_ON_ZERO";
SET AUTOCOMMIT = 0;
START TRANSACTION;
SET time_zone = "+00:00";


/*!40101 SET @OLD_CHARACTER_SET_CLIENT=@@CHARACTER_SET_CLIENT */;
/*!40101 SET @OLD_CHARACTER_SET_RESULTS=@@CHARACTER_SET_RESULTS */;
/*!40101 SET @OLD_COLLATION_CONNECTION=@@COLLATION_CONNECTION */;
/*!40101 SET NAMES utf8mb4 */;

--
-- Base de datos: `medysistem`
--

-- --------------------------------------------------------

--
-- Estructura de tabla para la tabla `aseguradoras`
--

CREATE TABLE `aseguradoras` (
  `id_aseguradoras` int(11) NOT NULL,
  `nombre` varchar(100) NOT NULL,
  `descripcion` varchar(250) CHARACTER SET utf8mb4 COLLATE utf8mb4_0900_ai_ci DEFAULT NULL,
  `estado` int(11) NOT NULL DEFAULT '1'
) ENGINE=InnoDB DEFAULT CHARSET=utf8mb4 COLLATE=utf8mb4_0900_ai_ci;

--
-- Volcado de datos para la tabla `aseguradoras`
--

INSERT INTO `aseguradoras` (`id_aseguradoras`, `nombre`, `descripcion`, `estado`) VALUES
(1, 'ARSSeNaSa', 'Aseguradora del Gobierno de la Republica Dominicana', 1),
(2, 'ARS UNIVERSAL', 'SEGURO INTERNACIONAL', 1);

-- --------------------------------------------------------

--
-- Estructura de tabla para la tabla `cargos_empleados`
--

CREATE TABLE `cargos_empleados` (
  `id_cargos_empleados` int(11) NOT NULL,
  `nombre` varchar(100) NOT NULL,
  `descripcion` text,
  `estado` int(11) DEFAULT '1'
) ENGINE=InnoDB DEFAULT CHARSET=utf8mb4 COLLATE=utf8mb4_0900_ai_ci;

--
-- Volcado de datos para la tabla `cargos_empleados`
--

INSERT INTO `cargos_empleados` (`id_cargos_empleados`, `nombre`, `descripcion`, `estado`) VALUES
(1, 'ADMINISTRADOR', 'ADMINISTRADOR DEL SISTEMA', 1),
(2, 'MEDICO', 'ESPECIALISTA DE LA MEDICINA', 1),
(3, 'GERENTE', 'ADMINISTRADOR GENERAL DE LA CLINICA', 1),
(4, 'CONSERGE', 'ENCARGDO DE LIMPIEZA', 1),
(5, 'ENFERMERA', 'ASISTENTE MEDICO', 1),
(6, 'SEGURIDAD', 'SEGURIDAD DE LA CLINICA', 1),
(7, 'SERENO', 'SEGURIDAD NOCTURNA', 1),
(8, 'SECRETARIAS', 'ASISTENTE DE LOS DOCTORES', 1),
(9, 'RECEPCIONISTAS', 'RECEPCIONISTA GENERAL DE LA CLINICA', 1);

-- --------------------------------------------------------

--
-- Estructura de tabla para la tabla `citas`
--

CREATE TABLE `citas` (
  `id_citas` int(11) NOT NULL,
  `id_personas` int(11) NOT NULL,
  `id_empleados` int(11) NOT NULL,
  `fecha` datetime NOT NULL,
  `id_departamentos` int(11) NOT NULL,
  `estado` int(11) DEFAULT '1'
) ENGINE=InnoDB DEFAULT CHARSET=utf8mb4 COLLATE=utf8mb4_0900_ai_ci;

--
-- Volcado de datos para la tabla `citas`
--

INSERT INTO `citas` (`id_citas`, `id_personas`, `id_empleados`, `fecha`, `id_departamentos`, `estado`) VALUES
(1, 26, 5, '2023-11-24 09:30:00', 1, 1),
(2, 20, 5, '2023-11-27 09:00:00', 1, 1),
(3, 24, 5, '2023-11-21 00:00:00', 1, 1),
(4, 1, 5, '2023-11-30 00:00:00', 1, 1),
(5, 5, 5, '2023-11-14 00:00:00', 1, 1),
(6, 8, 5, '2023-11-14 00:00:00', 1, 2),
(7, 9, 5, '2023-11-14 00:00:00', 1, 2),
(8, 28, 5, '2023-11-13 00:00:00', 1, 3);

-- --------------------------------------------------------

--
-- Estructura de tabla para la tabla `compuestos`
--

CREATE TABLE `compuestos` (
  `id_compuestos` int(11) NOT NULL,
  `descripcion` text,
  `estado` int(11) DEFAULT '1'
) ENGINE=InnoDB DEFAULT CHARSET=utf8mb4 COLLATE=utf8mb4_0900_ai_ci;

--
-- Volcado de datos para la tabla `compuestos`
--

INSERT INTO `compuestos` (`id_compuestos`, `descripcion`, `estado`) VALUES
(1, 'Acetaminofén (paracetamol)', 1),
(2, 'Ibuprofeno', 1),
(3, 'Aspirina (ácido acetilsalicílico)', 1),
(4, 'Amoxicilina', 1),
(5, 'Omeprazol', 1),
(6, 'Prednisona', 1),
(7, 'Diazepam', 1),
(8, 'Lorazepam', 1),
(9, 'Cetirizina', 1),
(10, 'Metformina', 1),
(11, 'Simvastatina', 1),
(12, 'Amlodipino', 1),
(13, 'Salbutamol', 1),
(14, 'Ranitidina', 1),
(15, 'Warfarina', 1),
(16, 'Gabapentina', 1),
(17, 'Ciprofloxacino', 1),
(18, 'Metilfenidato', 1),
(19, 'Tamsulosina', 1),
(20, 'Clonazepam', 1),
(21, 'Sertralina', 1),
(22, 'Levotiroxina', 1),
(23, 'Fenitoína', 1),
(24, 'Metronidazol', 1),
(25, 'Atorvastatina', 1),
(26, 'Clopidogrel', 1),
(27, 'Dexametasona', 1),
(28, 'Risperidona', 1),
(29, 'Cetoprofeno', 1),
(30, 'Lisdexanfetamina', 1);

-- --------------------------------------------------------

--
-- Estructura de tabla para la tabla `compuestos_medicamentos`
--

CREATE TABLE `compuestos_medicamentos` (
  `id_compuestos_medicamentos` int(11) NOT NULL,
  `id_productos` int(11) DEFAULT NULL,
  `id_compuestos` int(11) DEFAULT NULL,
  `estado` int(11) DEFAULT '1'
) ENGINE=InnoDB DEFAULT CHARSET=utf8mb4 COLLATE=utf8mb4_0900_ai_ci;

-- --------------------------------------------------------

--
-- Estructura de tabla para la tabla `contador_personas`
--

CREATE TABLE `contador_personas` (
  `id_personas` int(11) NOT NULL
) ENGINE=InnoDB DEFAULT CHARSET=utf8mb4 COLLATE=utf8mb4_0900_ai_ci;

--
-- Volcado de datos para la tabla `contador_personas`
--

INSERT INTO `contador_personas` (`id_personas`) VALUES
(27);

-- --------------------------------------------------------

--
-- Estructura de tabla para la tabla `correos`
--

CREATE TABLE `correos` (
  `id_correos` int(11) NOT NULL,
  `direccion_correo` varchar(255) NOT NULL,
  `estado` int(11) DEFAULT '1'
) ENGINE=InnoDB DEFAULT CHARSET=utf8mb4 COLLATE=utf8mb4_0900_ai_ci;

--
-- Volcado de datos para la tabla `correos`
--

INSERT INTO `correos` (`id_correos`, `direccion_correo`, `estado`) VALUES
(1, 'ingrobinsonduran@gmail.com', 1),
(2, 'ingyakeysiuceta@gmail.com', 1),
(3, 'isabelac@gmail.com', 1),
(4, 'carlostecs@gmail.com', 1);

-- --------------------------------------------------------

--
-- Estructura de tabla para la tabla `correos_personas`
--

CREATE TABLE `correos_personas` (
  `id_correos` int(11) NOT NULL,
  `id_personas` int(11) NOT NULL,
  `estado` int(11) DEFAULT '1'
) ENGINE=InnoDB DEFAULT CHARSET=utf8mb4 COLLATE=utf8mb4_0900_ai_ci;

--
-- Volcado de datos para la tabla `correos_personas`
--

INSERT INTO `correos_personas` (`id_correos`, `id_personas`, `estado`) VALUES
(1, 1, 1),
(2, 2, 1),
(3, 26, 1),
(4, 30, 1);

-- --------------------------------------------------------

--
-- Estructura de tabla para la tabla `departamentos`
--

CREATE TABLE `departamentos` (
  `id_departamentos` int(11) NOT NULL,
  `nombre` varchar(100) NOT NULL,
  `descripcion` text,
  `estado` int(11) DEFAULT '1'
) ENGINE=InnoDB DEFAULT CHARSET=utf8mb4 COLLATE=utf8mb4_0900_ai_ci;

--
-- Volcado de datos para la tabla `departamentos`
--

INSERT INTO `departamentos` (`id_departamentos`, `nombre`, `descripcion`, `estado`) VALUES
(1, 'CARDIOLOGIA', 'DEPARTAMENTOS DEL CORAZON', 1),
(2, 'NEUROLOGIAS', 'ENCARGADOS DEL CEREBRO', 1);

-- --------------------------------------------------------

--
-- Estructura de tabla para la tabla `departamentos_especialidades`
--

CREATE TABLE `departamentos_especialidades` (
  `id_departamentos` int(11) NOT NULL,
  `id_especialidades` int(11) NOT NULL
) ENGINE=InnoDB DEFAULT CHARSET=utf8mb4 COLLATE=utf8mb4_0900_ai_ci;

--
-- Volcado de datos para la tabla `departamentos_especialidades`
--

INSERT INTO `departamentos_especialidades` (`id_departamentos`, `id_especialidades`) VALUES
(1, 1),
(2, 2);

-- --------------------------------------------------------

--
-- Estructura de tabla para la tabla `detalles_emergencias`
--

CREATE TABLE `detalles_emergencias` (
  `id_detalles_emergencias` int(11) NOT NULL,
  `id_emergencias` int(11) NOT NULL,
  `id_productos` int(11) NOT NULL,
  `id_empleados` int(11) NOT NULL,
  `cantidad_suministrada` int(11) NOT NULL,
  `fecha` date NOT NULL,
  `estado` int(11) DEFAULT '1'
) ENGINE=InnoDB DEFAULT CHARSET=utf8mb4 COLLATE=utf8mb4_0900_ai_ci;

--
-- Volcado de datos para la tabla `detalles_emergencias`
--

INSERT INTO `detalles_emergencias` (`id_detalles_emergencias`, `id_emergencias`, `id_productos`, `id_empleados`, `cantidad_suministrada`, `fecha`, `estado`) VALUES
(1, 1, 2, 21, 3, '2023-11-21', 1),
(2, 1, 1, 21, 2, '2023-11-21', 1);

-- --------------------------------------------------------

--
-- Estructura de tabla para la tabla `detalles_facturas`
--

CREATE TABLE `detalles_facturas` (
  `id_detalles_facturas` int(11) NOT NULL,
  `id_facturas` int(11) NOT NULL,
  `id_productos` int(11) NOT NULL,
  `cantidad` int(11) NOT NULL,
  `precio_unitario` decimal(10,2) NOT NULL,
  `subtotal` decimal(10,2) NOT NULL,
  `itbis` decimal(10,2) NOT NULL,
  `total` decimal(10,2) NOT NULL,
  `estado` int(11) DEFAULT '1'
) ENGINE=InnoDB DEFAULT CHARSET=utf8mb4 COLLATE=utf8mb4_0900_ai_ci;

-- --------------------------------------------------------

--
-- Estructura de tabla para la tabla `detalles_internos`
--

CREATE TABLE `detalles_internos` (
  `id_detalles_internos` int(11) NOT NULL,
  `id_internos` int(11) NOT NULL,
  `id_productos` int(11) NOT NULL,
  `id_empleados` int(11) NOT NULL,
  `cantidad_suministrada` int(11) NOT NULL,
  `fecha` datetime NOT NULL,
  `estado` int(11) DEFAULT '1'
) ENGINE=InnoDB DEFAULT CHARSET=utf8mb4 COLLATE=utf8mb4_0900_ai_ci;

--
-- Volcado de datos para la tabla `detalles_internos`
--

INSERT INTO `detalles_internos` (`id_detalles_internos`, `id_internos`, `id_productos`, `id_empleados`, `cantidad_suministrada`, `fecha`, `estado`) VALUES
(1, 1, 1, 20, 3, '2023-11-21 09:53:18', 1),
(2, 2, 4, 20, 5, '2023-11-21 10:00:09', 1),
(3, 2, 4, 20, 5, '2023-11-21 10:00:09', 1),
(4, 2, 1, 20, 5, '2023-11-21 17:38:56', 1),
(5, 3, 5, 20, 5, '2023-11-21 18:44:11', 1),
(6, 4, 1, 20, 5, '2023-11-21 18:48:42', 1),
(7, 5, 4, 20, 5, '2023-11-21 18:50:46', 1),
(8, 5, 1, 20, 6, '2023-11-21 18:50:54', 1),
(10, 6, 3, 20, 5, '2023-11-21 18:53:16', 1);

-- --------------------------------------------------------

--
-- Estructura de tabla para la tabla `detalles_pedidos`
--

CREATE TABLE `detalles_pedidos` (
  `id_detalles_pedidos` int(11) NOT NULL,
  `id_pedidos_proveedores` int(11) NOT NULL,
  `id_productos` int(11) NOT NULL,
  `cantidad` int(11) NOT NULL,
  `precio_unitario` decimal(10,2) NOT NULL,
  `subtotal` decimal(10,2) NOT NULL,
  `itbis` decimal(10,2) NOT NULL,
  `total` decimal(10,2) NOT NULL,
  `estado` int(11) DEFAULT '1'
) ENGINE=InnoDB DEFAULT CHARSET=utf8mb4 COLLATE=utf8mb4_0900_ai_ci;

-- --------------------------------------------------------

--
-- Estructura de tabla para la tabla `direcciones`
--

CREATE TABLE `direcciones` (
  `id_direcciones` int(11) NOT NULL,
  `pais` varchar(100) NOT NULL,
  `provincia` varchar(100) NOT NULL,
  `municipio` varchar(100) NOT NULL,
  `barrio` varchar(100) NOT NULL,
  `calle` varchar(100) NOT NULL,
  `numero_local` varchar(50) NOT NULL,
  `estado` int(11) DEFAULT '1'
) ENGINE=InnoDB DEFAULT CHARSET=utf8mb4 COLLATE=utf8mb4_0900_ai_ci;

-- --------------------------------------------------------

--
-- Estructura de tabla para la tabla `direcciones_personas`
--

CREATE TABLE `direcciones_personas` (
  `id_direcciones` int(11) NOT NULL,
  `id_personas` int(11) NOT NULL,
  `estado` int(11) DEFAULT '1'
) ENGINE=InnoDB DEFAULT CHARSET=utf8mb4 COLLATE=utf8mb4_0900_ai_ci;

-- --------------------------------------------------------

--
-- Estructura de tabla para la tabla `donaciones`
--

CREATE TABLE `donaciones` (
  `id_donaciones` int(11) NOT NULL,
  `id_tipo_donaciones` int(11) NOT NULL,
  `id_donantes` int(11) NOT NULL,
  `id_empleados` int(11) NOT NULL,
  `id_pacientes` int(11) NOT NULL,
  `descripcion` text NOT NULL,
  `observacion` text NOT NULL,
  `fecha` datetime NOT NULL,
  `estado` int(11) DEFAULT '1'
) ENGINE=InnoDB DEFAULT CHARSET=utf8mb4 COLLATE=utf8mb4_0900_ai_ci;

--
-- Volcado de datos para la tabla `donaciones`
--

INSERT INTO `donaciones` (`id_donaciones`, `id_tipo_donaciones`, `id_donantes`, `id_empleados`, `id_pacientes`, `descripcion`, `observacion`, `fecha`, `estado`) VALUES
(1, 2, 1, 12, 1, 'Donacion de Organo para este paciente', 'Todo normal en la operacion', '2023-11-23 00:00:00', 1);

-- --------------------------------------------------------

--
-- Estructura de tabla para la tabla `donantes`
--

CREATE TABLE `donantes` (
  `id_donantes` int(11) NOT NULL,
  `id_personas` int(11) NOT NULL,
  `observaciones` text,
  `estado` int(11) DEFAULT '1'
) ENGINE=InnoDB DEFAULT CHARSET=utf8mb4 COLLATE=utf8mb4_0900_ai_ci;

--
-- Volcado de datos para la tabla `donantes`
--

INSERT INTO `donantes` (`id_donantes`, `id_personas`, `observaciones`, `estado`) VALUES
(1, 9, 'Persona mayor con buena calidad de Salud', 1),
(2, 11, 'Joven corpolento', 1);

-- --------------------------------------------------------

--
-- Estructura de tabla para la tabla `emergencias`
--

CREATE TABLE `emergencias` (
  `id_emergencias` int(11) NOT NULL,
  `id_salas` int(11) NOT NULL,
  `id_pacientes` int(11) NOT NULL,
  `id_empleados` int(11) NOT NULL,
  `motivo_emergencia` text NOT NULL,
  `observaciones` text NOT NULL,
  `fecha` datetime NOT NULL DEFAULT CURRENT_TIMESTAMP,
  `estado` int(11) DEFAULT '1'
) ENGINE=InnoDB DEFAULT CHARSET=utf8mb4 COLLATE=utf8mb4_0900_ai_ci;

--
-- Volcado de datos para la tabla `emergencias`
--

INSERT INTO `emergencias` (`id_emergencias`, `id_salas`, `id_pacientes`, `id_empleados`, `motivo_emergencia`, `observaciones`, `fecha`, `estado`) VALUES
(1, 4, 1, 12, 'ACCIDENTE DE TRANSITO', 'PIERNA ROTA', '2023-11-21 13:58:06', 1);

-- --------------------------------------------------------

--
-- Estructura de tabla para la tabla `empleados`
--

CREATE TABLE `empleados` (
  `id_empleados` int(11) NOT NULL,
  `id_personas` int(11) NOT NULL,
  `id_cargos_empleados` int(11) NOT NULL,
  `id_especialidades` int(11) DEFAULT NULL,
  `sueldo` decimal(10,2) NOT NULL,
  `estado` int(11) DEFAULT '1'
) ENGINE=InnoDB DEFAULT CHARSET=utf8mb4 COLLATE=utf8mb4_0900_ai_ci;

--
-- Volcado de datos para la tabla `empleados`
--

INSERT INTO `empleados` (`id_empleados`, `id_personas`, `id_cargos_empleados`, `id_especialidades`, `sueldo`, `estado`) VALUES
(3, 1, 1, NULL, '30000.00', 1),
(4, 2, 1, NULL, '30000.00', 1),
(5, 3, 2, 1, '50000.00', 1),
(6, 15, 6, NULL, '25000.00', 1),
(7, 21, 6, NULL, '25000.00', 1),
(8, 19, 2, 3, '50000.00', 1),
(9, 4, 3, NULL, '75000.00', 1),
(10, 34, 9, NULL, '22000.00', 1),
(11, 22, 9, NULL, '22000.00', 1),
(12, 11, 2, 2, '50000.00', 1),
(13, 12, 2, 3, '50000.00', 1),
(14, 36, 2, 1, '50000.00', 1),
(15, 18, 2, 3, '50000.00', 1),
(16, 23, 6, NULL, '25000.00', 1),
(17, 20, 8, NULL, '22000.00', 1),
(18, 24, 8, NULL, '22000.00', 1),
(19, 28, 8, NULL, '22000.00', 1),
(20, 36, 5, NULL, '30000.00', 1),
(21, 30, 5, NULL, '30000.00', 1),
(22, 32, 5, NULL, '30000.00', 1),
(23, 37, 1, NULL, '30000.00', 1);

-- --------------------------------------------------------

--
-- Estructura de tabla para la tabla `empresa`
--

CREATE TABLE `empresa` (
  `id_empresa` int(11) NOT NULL,
  `razon_social` varchar(255) NOT NULL,
  `rnc` varchar(20) NOT NULL,
  `telefono` varchar(20) NOT NULL,
  `correo` varchar(255) NOT NULL,
  `direccion` varchar(255) NOT NULL,
  `logo_empresa` longblob NOT NULL,
  `estado` int(11) DEFAULT '1'
) ENGINE=InnoDB DEFAULT CHARSET=utf8mb4 COLLATE=utf8mb4_0900_ai_ci;

--
-- Volcado de datos para la tabla `empresa`
--

INSERT INTO `empresa` (`id_empresa`, `razon_social`, `rnc`, `telefono`, `correo`, `direccion`, `logo_empresa`, `estado`) VALUES
(1, 'Medi Syncs', '30879534', '8095797834', 'centerclinic@gmail.com', 'c/Duarte, Centro de la Ciudad', 0x89504e470d0a1a0a0000000d49484452000004b0000004b00806000000eb21b3cf000000097048597300000b1300000b1301009a9c180000ed6749444154789cecdd779c5ce759f7ffcf3953b617f5664b962537b9f798244e75421248420a0f2424a1851220f03c041ee0a14348f841e8040229904202a9762a0e491cf7de6d5956ef5dda5ea69cf3fbe38c2c59962cedee9c9db3b39ff7eb3596bce53ef768eb7ce7baae3b88e33846922449922449caa8b0d11b902449922449929e8f019624499224499232cd004b922449922449996680254992244992a44c33c092244992244952a6196049922449922429d30cb024499224499294690658922449922449ca34032c499224499224659a019624499224499232cd004b922449922449996680254992244992a44c33c092244992244952a6196049922449922429d30cb024499224499294690658922449922449ca34032c499224499224659a019624499224499232cd004b922449922449996680254992244992a44c33c092244992244952a6196049922449922429d30cb024499224499294690658922449922449ca34032c499224499224659a019624499224499232cd004b922449922449996680254992244992a44c33c092244992244952a6196049922449922429d30cb024499224499294690658922449922449ca34032c499224499224659a019624499224499232cd004b922449922449996680254992244992a44c33c092244992244952a6196049922449922429d30cb024499224499294690658922449922449ca34032c499224499224659a019624499224499232cd004b922449922449996680254992244992a44c33c092244992244952a6196049922449922429d30cb024499224499294690658922449922449ca34032c499224499224659a019624499224499232cd004b922449922449996680254992244992a44c33c092244992244952a6196049922449922429d30cb024499224499294690658922449922449ca34032c499224499224659a019624499224499232cd004b922449922449996680254992244992a44c33c092244992244952a6196049922449922429d30cb024499224499294690658922449922449ca34032c499224499224659a019624499224499232cd004b922449922449996680254992244992a44c33c092244992244952a6196049922449922429d30cb024499224499294690658922449922449ca34032c499224499224659a019624499224499232cd004b922449922449996680254992244992a44c33c092244992244952a6196049922449922429d30cb024499224499294690658922449922449ca34032c499224499224659a019624499224499232cd004b922449922449996680254992244992a44c33c092244992244952a6196049922449922429d30cb024499224499294690658922449922449ca34032c499224499224659a019624499224499232cd004b922449922449996680254992244992a44c33c092244992244952a6196049922449922429d30cb024499224499294690658922449922449ca34032c499224499224659a019624499224499232cd004b922449922449996680254992244992a44c33c092244992244952a6196049922449922429d30cb024499224499294690658922449922449ca34032c499224499224659a019624499224499232cd004b922449922449996680254992244992a44c33c092244992244952a6196049922449922429d30cb024499224499294690658922449922449ca34032c499224499224659a019624499224499232cd004b922449922449996680254992244992a44c33c092244992244952a6196049922449922429d30cb024499224499294690658922449922449ca34032c499224499224659a019624499224499232cd004b922449922449996680254992244992a44c33c092244992244952a6196049922449922429d30cb024499224499294690658922449922449ca34032c499224499224659a019624499224499232cd004b922449922449996680254992244992a44c33c092244992244952a6196049922449922429d30cb024499224499294690658922449922449ca34032c499224499224659a019624499224499232cd004b922449922449996680254992244992a44c33c092244992244952a6196049922449922429d30cb024499224499294690658922449922449ca34032c499224499224659a019624499224499232cd004b922449922449996680254992244992a44c33c092244992244952a6196049922449922429d30cb024499224499294690658922449922449ca34032c499224499224659a019624499224499232cd004b922449922449996680254992244992a44c33c092244992244952a6196049922449922429d30cb024499224499294690658922449922449ca34032c499224499224659a019624499224499232cd004b922449922449996680254992244992a44c33c092244992244952a6196049922449922429d30cb024499224499294690658922449922449ca34032c499224499224659a019624499224499232cd004b922449922449996680254992244992a44c33c092244992244952a6196049922449922429d30cb024499224499294690658922449922449ca34032c499224499224659a019624499224499232cd004b922449922449996680254992244992a44c33c092244992244952a6196049922449922429d30cb024499224499294690658922449922449ca34032c499224499224659a019624499224499232cd004b922449922449996680254992244992a44c33c092244992244952a6196049922449922429d30cb024499224499294690658922449922449ca34032c499224499224659a019624499224499232cd004b922449922449996680254992244992a44c33c092244992244952a6196049922449922429d30cb024499224499294690658922449922449ca34032c499224499224659a019624499224499232cd004b922449922449996680254992244992a44c33c092244992244952a6196049922449922429d30cb024499224499294690658922449922449ca34032c499224499224659a019624499224499232cd004b922449922449996680254992244992a44c33c092244992244952a6196049922449922429d30cb024499224499294690658922449922449ca34032c499224499224659a019624499224499232cd004b922449922449996680254992244992a44c33c092244992244952a6196049922449922429d30cb024499224499294690658922449922449ca34032c499224499224659a019624499224499232cd004b922449922449996680254992244992a44c33c092244992244952a6196049922449922429d30cb024499224499294690658922449922449ca34032c499224499224659a019624499224499232cd004b922449922449996680254992244992a44c33c092244992244952a6196049922449922429d30cb024499224499294690658922449922449ca34032c499224499224659a019624499224499232cd004b922449922449996680254992244992a44c33c092244992244952a6196049922449922429d30cb024499224499294690658922449922449ca34032c499224499224659a019624499224499232cd004b922449922449996680254992244992a44c33c092244992244952a6196049922449922429d30cb024499224499294690658922449922449ca34032c499224499224659a019624499224499232cd004b922449922449996680254992244992a44c33c092244992244952a6196049922449922429d30cb024499224499294690658922449922449ca34032c499224499224659a019624499224499232cd004b922449922449996680254992244992a44c33c092244992244952a6196049922449922429d30cb024499224499294690658922449922449ca34032c499224499224659a019624499224499232cd004b922449922449996680254992244992a44c33c092244992244952a6196049922449922429d30cb024499224499294690658922449922449ca34032c499224499224659a019624499224499232cd004b922449922449996680254992244992a44c33c092244992244952a6196049922449922429d30cb024499224499294690658922449922449ca34032c499224499224659a019624499224499232cd004b922449922449996680254992244992a44c33c092244992244952a6196049922449922429d30cb024499224499294690658922449922449ca34032c499224499224659a019624499224499232cd004b922449922449996680254992244992a44c33c092244992244952a6196049922449922429d30cb024499224499294690658922449922449ca34032c499224499224659a019624499224499232cd004b922449922449996680254992244992a44c33c092244992244952a6196049922449922429d30cb024499224499294690658922449922449ca34032c499224499224659a019624499224499232cd004b922449922449996680254992244992a44c33c092244992244952a6196049922449922429d30cb024499224499294690658922449922449ca34032c499224499224659a019624499224499232cd004b922449922449996680254992244992a44c33c092244992244952a6196049922449922429d30cb024499224499294690658922449922449ca34032c499224499224659a019624499224499232cd004b922449922449996680254992244992a44c33c092244992244952a6196049922449922429d30cb024499224499294690658922449922449ca34032c499224499224659a019624499224499232cd004b922449922449996680254992244992a44c33c092244992244952a6196049922449922429d30cb024499224499294690658922449922449ca34032c499224499224659a019624499224499232cd004b922449922449996680254992244992a44c33c092244992244952a6196049922449922429d30cb024499224499294690658922449922449ca34032c499224499224659a019624499224499232cd004b922449922449996680254992244992a44c33c092244992244952a6196049922449922429d30cb024499224499294690658922449922449ca34032c499224499224659a019624499224499232cd004b922449922449996680254992244992a44c33c092244992244952a6196049922449922429d30cb024499224499294690658922449922449ca34032c499224499224659a019624499224499232cd004b922449922449996680254992244992a44c33c092244992244952a6196049922449922429d30cb024499224499294690658922449922449ca34032c499224499224659a019624499224499232cd004b922449922449996680254992244992a44c33c092244992244952a6196049922449922429d30cb024499224499294690658922449922449ca34032c499224499224659a019624499224499232cd004b922449922449996680254992244992a44c33c092244992244952a6196049922449922429d30cb024499224499294690658922449922449ca34032c499224499224659a019624499224499232cd004b922449922449996680254992244992a44c33c092244992244952a6196049922449922429d30cb024499224499294690658922449922449ca34032c499224499224659a019624499224499232cd004b922449922449996680254992244992a44ccb377a039266ae288e19af4444952a23a52a95ca3854cb8c8d5788a228b9552b100400b4b7b55228b65028b6d0de5aa090cb910bc323af9624499224e9840cb0243d4b1cd7fe24268a6286c74a1c1c1ce1f04899438363eceb1b62607894d1d161460e1f64686c9cf17285a8a583b852a12b2c5308035ac2989ede1ebadadbe86e2d522ce699dbdb454767371d5d90cb85e48290308c0930c192244992249d5c10c7471eae4a9a8daa514ca9526574bc4cff6889dd8786d8b0a79f9d7bf77260ff7e361d1c61ebc00883a3254622c8155b58dad3cbe28e1656f6e659daddca92391d2c9c3f9742b14067314f4f7b0bc54248477b27ed6d2db4167284a131952449922469720cb0a4592406c64a15f6f58f72a06f806dfbfad8baef10ebf78ff2f8ee43dc7110aae3a330340261c4650b0a2ceb6c61796f0bab972fe5a2956770d6e25e7a3bda692de62916f2e4720185d0684a92244992941e5b08a526568d62aad588bee17136ee3dccfa6dbb7968e34e1eda7198758325f61c1e86c111a8845008a16b01af387721d7ad9ccbb94bbab868c522562ce8a2abad483e9773569524499224a921acc0929a4c14c70c8d96d87a60803b9fdac3e33bf6f1f4b65ddcb5eb008343a33052855cbe76066940dbfc2e5ebb7a392f3c673117af98c7ea25f35832b793967caed177459224499224c00a2ca929c431f40d8fb376c7011eddb49b6f3ebd8f9b361c80c3235089201f4239843290cfc3dc0e7e78590f2fbdf45c5e7dc56ace98d745675b0b395b012549922449196405963443c5310c8d95786ae721ee7c722b776dd8c57f6eee83be3118af426b2f4455082a108f4150e29a15f379ddc5cbb9f69c655c76f612e677b71b5a499224499232cf004b9a612ad5887d7d43dcbf712fff71ef26fef3a99d7068145a3aa15c86b802610c2323c99fadf0eaf357f0aeebd770ed39cb58bea09b7c2e6cf4dd902429538277de98fa35fee5ed17f0ee579f9bfa7524496a46b6104a33c468a9c2d33bf7f39d4736f3b1ef3fca933b87a1300f8a73a0380f8687a03507d1208c0dc1c20e7ee58ad5dc70d9d9bce09ca5cceb6923740abb2449b3c6c85885753bfbd9be7f98034325aad58896428e05dd2d2c5fd8c1394bba29169c7929499a190cb0a48c3b3c34c6031bf7f0df0f3ecda7ef5ecb9e83a390ef829e95502d42250f851c7444503d04ed31bff8a20b79d30f5cc8b5e72ca1b3b5e8e9819224cd1263e52a373fb0937fbd733b5f7be4003c5faf4521e467af59cc3b5f74262fbc6011a1630524491966802565501cc3e1a1511ed8b8877fbbfd29fee3914dd05f82622fb4ce835c0b8c8549bb603e86d103d059e527af39939f7af1795cbe6a095d6dc546df0d4992348dfefbc19dfce0a71f870363a7f70ee5888fdeb18b8fdeb18bcb57f7f06fefb8844b56ce4d779392244d9201969431fbfa46f8fe639bf9c27d1bf8afc777c110d0b5005a0b497835360ed551603c6917a4c4cbd7cce13dafbc96575dbac2e04a92a459a654aef27f3ff3087ff3dded935ee3a10dfd5cfa87b7f1f19f58c34fdd704e1d772749527d1860491931385ae2eeb5dbf9ec1d6bf9c47d9b6038829e33a12584722bb4744135804a15f211c4fd5cbcb28d9fbdf6427eecfa8b59d0d36eaba02449b34ca51af18e7fba97ffba7fdfd4178be1a73ff52407472abcef0d174c7d3d4992eac8004b6ab0523562fdce03fcfdd7efe323f73d056379685d006d21c42d90cf432584b151c8c5d03206511f6f7fc10ade7bc3455cba72112d794f15d4ec70cba37b78d95fded3e86dd075662703ef7f45a3b771dadefd91fbf8e81dbb1aba8735ab7a78e20f5edad03d48cde8fd5f7ca23ee1d5317ee38b4fb37a51076f7cc1f2baae2b49d2541860490d12c7b06d7f3f5fba6b2dfff4fdc758bfb50f3ae641a11d2a45281461bc0c6139f94a8dc661f8003d67f5f2d7afb99a375c7d3673bbda1a7d37a46935385a6ef4160018dc3ec4f603c39c39bfa3d15b39a5d1f10a1fbd774fa3b7c193c3d9f8d849cde481f507f8c3af6d4a65ed1ff9f8a3ec3d7f210b7b5b53595f92a489b26c436a80819171bef5c07adefdaf5fe7ff7ce136d66f1f81ee3320ec826a6b32a4bd5a4dc2ab6219c676037b78f7cb57f2dd5f7825ef7ce90586579a95fa33126001dcf1447d2b1ed272f753fba11c357a1b30949d8f9dd42c7eedf34fa6b7f85895bff9c6baf4d6972469820cb0a46914c5311b76f7f1a19beee5b51ffe3adf7e743f843dd0360fe21cc40114db20c8415c82601486f6407785bf7ecbb57cf0275ece15ab16930bfdd2d5ecd43f526af4169ef1f9871a5fd5743abef440635b079f618025d5d553dbfbb8fda9c3a95ee303ffb38dfee1ec7cdf9524cd6eb6104ad36470b4c4771ed9c21f7df3611ede780882f9d0da0941908455f91c8c8c43340ac57cf2d579f82097ac99c79fbfe5c5bcfce215140bb946df0da9a10e8d541abd85677ce991fd8c8e57686bc9ee8fd252b9ca3fdc939da06d64ac427b6b76ffbda499e4e647a7e16bbb1271db137bf9a16bce4cff5a92249d82651c52cae23866ebfe01fee2c6bbf8918ffe370fafdd0bc58510740205209fccbdea1f836201aaa3501d80d1bddc70e552fee5275fc50d97ad34bc9280c3599aa3548db9efe9038ddec5f3ba6ffd0118cd4ee837325e6df416a4a6f1ed7507a7e53adf7972ffb45c4792a453f169502945956ac4fd1bf7f0819b1ee6a6c7b6c2780bb474c1f01874f440690c823009b05a3b208c21370c638778d70face2f77ff4c59cbd784ea3ef8694190733d6caf2adc7f672fdc58b1bbd8d93faea03bb1bbd85671929958196466f436a0a5fdb31342dd7f9ced68169b98e2449a76205969492c1b1325fba6713d7fdf32ddc74ef01602914cf84f136a8166064ac76c26004fd7d506c816a0972a3bcef072fe1ff7be72b0dafa4e3ec1eca5680f581fbf610c771a3b77142d56acc9fdf93b1006b2c3bd560d28c77787c5a2ef3d8de9169b98e2449a762059694823d8787f8c837efe70fbfb30ec67aa16b210c8e41210fad4518e9836a054a115082ee2e18ef87ea21fef8ad57f2de575d4a4f87550ad2f1b60c652c003938c6fa5d039cbbaca7d13b798e87361d80816c057ec3065852fd54a7293ccf52ebb624695633c092ea288a639ede7588bff9da7d7ce48ea721ee84b0154a55e8ed85b1128c8f42b108e42028415885c15dd05ae2836fb9865fb8e1527ada0dafa413599fb10a2c80ef3fbe379301d6b71ededbe82d3cc7b033b0a4fa69cb4fcf8cbbee62fad79024e934d84228d549258eb97bfd1e7eed5377f391ef6e84b01b828e24a00ac6a13c08d110b407d092837c08855cf2fab89ff7bffe727ee9d597195e49cfa73f7b01d6a71eccce297f47c471ccefddb9b3d1db788ee1312b39a47a396361dbb45ce7058bdba7e53a92249d8a01965407a56ac4ff3cba93b77ef211fefbb161603e543aa012435c86d2209407a01da004e531c845501a86a09fdf7fe395fcf26bafa6b3d56739a5932995ab508e1abd8de7b86ded610e0f4ecf2c9ad3f5f8d63e3838d6e86d3cc760864e449466ba379ddd3b2dd779ddb9f3a6e53a92249d8a01963445e528e2c67bd6f14b9ff91ebb360c41d00b2ddd10158010a2b8d6ac5b86b8029551082bc038144bbcf7faf378ef0fbd80ee36c32be9f90c65787ed2ddebb275ccfccd8f666b78fb1103a3566049f572c3850ba6e53a2fbf687aae2349d2a91860495350a9467ce3bef5fcd8bf7f9b4d9b0e2543da832a942a90cb41a105c2220405c8e793f95721900ba03cc48f5fba985f7ffd35ccebb63c5f3a952c07585f7b245bf3a6de7747f6da0701066c2194eae665172f4ee660a569411bd79c6b802549ca0687b84b93345eaaf0f93b9ee01d9fbd150e06d0b2007255a80e434b01f24588aa50cd41ae98045763fd49f55569803517cce3d77ff82ace9cd73de5bdc4713283ebd92f8b99a6f3891a228e63a266be834018400014733982a0d1bb69bce1d1eccdbf3ae2c3f7efe56f7f32229f6bfcf342eb770dc0ee6c1e7b3f38e61077a95e3ada0afcd5ebcee6ff7ce1e9d4aef185379d9789ef6b92248101963429e54a95ffbc6b1deffae42d309483b6f91085501d8330867c0eaae3c90cacb6391047502e412e0ff95158d0c25fbee92a2e5fb568cac144a95ce5fbeb7771efc161464b152ad5327f7e204c02b3087e737e6d665093853d114988d50c3e74282489aa8e88f98db911612e476f1cf08af39772c51973c985b3fb4144a6e7270d97797ceb612e3bbbf1b3626e7e7857a3b770527d23566049f5f4f3af3a87ff73fb0ed853ffd0fa9517cee58dd72daffbba92244d9601963441a56ac417efdac0bbfee351a82c4f4e142c46501982b0768260691caa319087d208145a817252ea5feee75f5ef7625e71c972c23a94d50c972abcea960350098f8654c133ffe1ffdb5fbb86253c1977ccc7278ef98bfd00b54300b66ee7f0dbbae8ed98dd2754663ac002bef3f8de4c04587f7b7736e75f01f465fc6328cd34edad799efce5ab58f3a777403d2b1c17b6f1999fbf9a5ce8ef0e92a4ec98dd4fe74b1354aa467cfbc10dfcea97ee86c37928ce815200a508722d49e555908738847208d510aa25280d410118dbcf2fbfe442de7cdd1a8a752ac99ffbb56d50c90141125205b5bf1f1184c98dc05ba66fc708c2e4f3280893196ae580b1e628369b92fe91ecb61002fcddfd8d9f83b56dff10ebb70c347a1b27b5df0a2ca9ee2e583e877bdf772db4e6eab3e09276b6fce60fb0b0b7b53eeb499254270658d204dcf6e866fef727bfcdfedd03d05e48da020b790873500d200a92f02a6849aaae7285249b084b30be9f0bcfeae13dafba82b95d75fca5b014d56f2d6553e433e00003190f3fb66d1960f7a1c6ce9efacec3d9adbe02d8eb2984522aae3e77011bfff8255c7076cf94d6f9e91f58c2e1dfbb9e150b3bebb4334992eac7004b3a4d8f6cdecb1f7df10ed61faa424b0f546a9555f900aa4058a8b5f08510b642ae0dc23c8455a8f64177950fbde95ace5f36b7be1b1b7728b26687be197082dd6d4fec6be8f5fff5beeccebf02b87fc81642292d672feee2d1dfbb9eff7cf7a5b06862a71bdf70d15ceefaedebf8d82f5c436fe7ec6e579724659733b0a4d3b0fdc020bffc9f7772fb8e12e4e625270b0641d216581d874a150a2d10574872e13ce4724015aaa3100ff0fe975ec5f5179e59ff5154cea7d02cd1379cfdf0e3c647f6f0a32f3eab21d7de737894bb9eea6bc8b54fdb60f643486926cbe7427ef4c567f1e61f58c1831b0ff0fd27f7f39df587f8d6ae61383c0e510cad39162f68e3356774f1b2f3e6f1e20b1772d6a2ae466f5d92a45332c0924ee1c0c0087ffce5fbb97ddd0054ba20d709852a9447a03206953c74f4268156b59a044a614c32932a82b1415eb27a0e3f7efd25b4b514eabfc1b22d849a1d0e0c657b0616c07f3cb49f8f962ab415a7ffc7eb2d8fee99f66b4ed8b00196341d72b980abcf5dc0d5e72ee07d8dde8c244975620ba1f43c464a153ef1dd47f9e8f71f83b027b9e5da20ae0d4ccfe5925308a33819d81e074098b4173202d128b4c7fcf26bae63c5c2a9cda538a99c15589a1d0ece84f0a31cf1e086830db9f4bfdfbbb321d79d902866ac6cdbb324499226ce004b7a1eb73eb291dffcc6bd4970552a406b3754a264d6551824e15110421c434412609546201f413006237bf8c5eb56f3aacb5712d6bd77509a5d760ea75381f5b66b16d575bd9b1f9bfed3080f0d8cf1adc7eb139c9db1a28bd75d3abf2e6b9dc8e858f65b41254992943d0658d2493cbdf3107ff4d57be0709cb40d5623181eac9d2a9883200f412e09b088218e921308c300e261a81c8485057ee2c56be86e7720aa34550f0fa55381f54397d437c0fae3fbf610c7755df294beffc4deda211253f79ecb1771f1a28efa2c7602a3252bb024499234710658d209ecef1fe5835fb99bbb9f1e82e23c182a415bb176a2602909abc21072f9e44fe2a40a8b008a7918eb87a1bdfcc18bcfe38a554b1a7d77a4a63038904e05d635e7ccabef82fb46d9b467a0be6b9ec2e7ea78fae00bcf994790e2e110c333e03449499224658f0196749cf14a952fddb5964fdcfd14b4cd83b815dada617414cae390ab0211c4399273107249e543544d2ab24a65a0c23967cde7f5579d476b21d7d0fb23358d944eb05b36bf03ba8b755df3d6c7a7af8d7070b4cc7f3db4bf3e8b0570d9aab9f559eb2486c76d21942449d2c4196049c77970e36e7eefbfef87b80baa2dd0d2035108611ea208868720ae4250ad0d6d07886ba70f0271197265def9c28bb868f9c246de15a9698c8e5792c31252d05ac8f1e3e7cda9eb9a9f7b78fa02acdb9fd80bd5fafcdb5c7b4e2fddedf50df38e37ec0c2c4992244d820196748cbd8787f8e0571f60ffbe000af3939306a3f1e495710e0aadd0da9ab41056cbc9ebe272f276613ef98aaa8c70def2b9bcf9daf3285a7da57a98e6794a5934349a52e8d19e07e0ba95bd755df6e6c70f3230924ecbe3f1bef4c0eebaadf5968b16d46dad93194ceb63294992a4a6668025d5942b55be7cc713dcf4d046287425815540526d4598dc82306913244842852373af82008208a211285478d735e7b26a517d2b3aa4d96c683ca5b94985e4c7e04567f6d477dd18ee7aaa4e6d7dcf63b454e1a3f7eea9db7a2f3a2fbdd3078f189a651558236315c6ca0eaeaf974a35a25aa78a43499234b3e41bbd01292b1edeb29fbffaf683101721aa402e4ce65a11401003d524a40a028e66bfb5bf0724afaf8ec2d26e6eb874a5d557521d0d8da6146075140038ef8c3a0758c0371fd9cbabaf5856f7758f75f7dafd508eeab3581870c9ca74e75f418a1fcb6916c7b0e7f008eb770eb06ed7009bf68ff0d8de611ee91b6747df38f49fa002af10c29c16aeed6de19205ed9cbba883f3977671eeb26ece5edc453ee7f38aa3a50a4f6def67ed8e7e1edf39c8a3bb87f8dec13146064b305c814aedf33d172415949d055eb3a08dcb967671f6fc76ce5fd6c5c567cda5a723dd5658499234fd0cb024a07f789c4fdcfc00eb770e43c73ca884493555ae401260510bb18ec8910457476660051097a03ac86f5d7a21179e91fe8340693619184927f4b8a035f931b8646e7b12660dd7ef3a7f7bff1e3ef4ae985c8a27faddf860fdda075f7c5e2fedade9ff5a30308387b81fe81fe3d627f6f2ddb507f8c747f7c3e1f1892d508e60df28f7ec1be59ea7fb9efdbad61c3f76d17c5e77c9425e76d1a2e470815962d7c1116e7e68175f78642f5f7ffce0e9cd74abc6c9c10e8365beb97b846f3e7af059af5eb3aa87775db290d75cbe848b56f41204e97d1d4a92a4e961802501b7aeddc13f3dbc0b5a1742350fc502944b10e520c80351adcaaad64a98245ab5f78e93d7c7e3d01df1b28b96d156f44b4baaa7b4e62675e793afe32080d79fd3c34d0f1fa8dfe283659ed87a38b5aaa652b9cadfde5dc7f957974ccfa1130333ac857060a4c4cd0feee2ef6edbc66d6b0fa777a1b12a9fbb7f2f9fbb7f2ff018d79ddfcbffb97e05afbbfa0cda5a9aef67ca58b9ca771edecd5f7e6713b73c59ff7fd72737f6f37f37f6f37fbfbc9ef6333af9c8ab56f2a6172c9f9690763a05efbc31f56bfccbdb2fe0ddaf3e37f5eb4892742acdf5535c9a849d8787f9fb5bd6c2e1003a7a2102caa3c9098347e65d05d55a05564c1260e592b70b8264883b5588c678e3390bb972d5a2c6dd19a9490da6d476b6a4b3f0ccdfaf5f3da7be011670cb137b530bb01edc7010ea18ec5d77cebc67fe3eb7bdf03c6f393503233323c0dabc77908f7d6f33effff6d6fab5694ec05d4ff5f1d6a7fae0334ff2a1d79cc5cfbe7275ea27444e87d1f10a9fbb75333ffdd58dd037c10ab6491ad931c43b3efe18eff8fc537cf22de7f1632f5e49216fbba62449338d3fbd35ab55a3986fdebf816f3fb10fdae6002d101692d6c130cf335f2201c9fcab67e66091045884c96984410982617ef0d2b399d3d9daa07b2335affe945a083b8f995577e999bd755fff230fecadfb9a47dcf450fdaaafc8875c72d6f4b43ef7a5f4b1ac976dfb87f9958f3fc0d9bff15ddeff8dcd0d09af9e65b8ccaf7f613d3dfffbdb7cecdbeb29571abc9f498aa2982fdfb595f6dffc1f7efa534f4e5b78f52c8365def989c7b9f84fbecfd33bfba7fffa9224694a0cb034ab6d3f38c847befb108c02414b72f220019083a04052a4980362082a1056925309ab2421d7f818845528f7c382765e72e17242e76c48759756e8d15e3c1a605db8a2b7eeeb3fb9b19f7d7da3755fb75a8df9c09dbbeab6de9b2f9d4f4b717a0e9ed89fd121ee236315fee22b4fb2e237bfc33fdcb2a3d1db79aed10a3ffba92799f707dfe3b12d29b632a660d39e415ef4c15b79d33f3d3cf1b9612958b77980f37eef566ebc6b5ba3b722499226c0004bb356a51af1f5fb9ee6fe8d87205724690fac26474b91030a10179236c1204a5a08835a0556544dde3e2e43be0ad130efb9602967cceb6ae87d929ad5a19402acb96d473be997cc6d8739f5afa0bcfdc97d755ff391cd0761e004a7dc4dd21ba669fe15c09e3a0ecaaf97bbd7eda3e377bfcb6f7e69fde90d106fa0c1ed435cf287b7f14fdf584714657baf710c9ffade4656fdce2ddcf5545fa3b7f36c958837fed343fce3379e6af44e2449d26932c0d2acf5f4ae437ce0bb6b21ec85b02509a5e2f1a4c28a1c503c3a038b188232cf0c6c0f814a3909b72ac390aff08a8b96d3d99adedc1869363b3054bfb0e658c5c2b37f0cfeec9afab7d17ded91fab7117ee3913d755def85171c1760a55849fa44866660952b111ff8d2135cf7febb605ffd2be55213c5bce7734ff18e0fdfc3484687e28f8c55f8d98fdccb3b3ff13864b8edf1973fb78e4fdfb2a9d1db902449a7c1004bb352a51af1ad8736b173f728b4f4401026d554d191902a0741319983151ff3402e88925642806a987c0545e39cb9a087f3cf5cd0807b22cd0efb52aadae93aee74b717ad9e53f76b7ce2e1fd54aaf57d00ff7bf7d531c09adfcaca45cfae1eed694daf9d7070281b15588706c678d55fdeceef7c6543a3b73269ff71ef5e5ef0e7b773a0bff16d79c7dadb37ca551fbc9d8fdf59c7396d297ac7271ee3c10df53dc0419224d59f019666a56dfb07f89b3bd643d89d045151adca8a3250813082f0c800f700e23c54f3b5b78993b7690b93e2ac30e0f56bce64f9829e06dd1ba9f9ed1c4ea702abe3b8b94f97aeac7f80c56885b5dbeb37307ae78161d8355cb7f57eeb8a4569165c3d570602ac2d7b0799f727b771cb93336b96d4893cb6b19f8bffbfec8458dbf60fb1f8fdb7b376d30c1a921ec3957f756fa3772149924ec1004bb34e358af9ea031bd9be7d08f29d4081a3c70a1e19d61e41ae04e150f2b24a278c7741a915a218f2111472498b6135c765672db37d504ad1fd43e9b4491ddf4278de193d10d63fcdb97bddfebaad75c7dafaad05f08a0ba76ffe1500e5a8ee156913b16e471f2bffe836d83bd2b03dd4db9eed43fcc087ee6460249da0f774ed3a38c28a3fbd7d66fedb662058952449cfcf004bb3ceeebe21be70ff3aa015c6cbd0da96b41072e4416b6dce551c4158aefd6fae763b529555855205e280de459d5c73eee286dc1769d6e84fe78179d771c1735b31cfb5abeb5f4d79e3e3f50b9dbefa681d676a0570f5b9f39ff3e28ed6fc09deb87e46c61b33b769dd8e3eceffb33b9b32ac58bf6580b7fff37d0d0b070ff48fb1ec837764e294414992d49c0cb034abc4c0f71fddc2ed5b0e42be05c841393e1a6085b516c16a15a2da03ac204e6ec9ff24b73804ca501de19aa53dac58d0dd807b23cd0e711c434a33b08eafc00278ddf9f3ea7e9daf3f7e90d1d2d4439b52b9caa71faa5f18f6a2f3e6d0d3517ccecbf361babf1e8c8c57535dff44b6ed1fe2fc0fdcd594e1d5115f7bf8001ffcca93d37eddd1f10a3ff4f7f7ccccca2b4992346318606956393830ca4d0f6c805200710e5a3a93542b1966c533011524ad84719cdca826e15610425c4806bbe7228847b97ac57c3a5b6c1f94d23294e2296b2d85e70e2bbfe6ec14e66055631ed97c68cacb3cb2f91094ea17febcedb245755b6b22a6bb02ab6f689c151fba1b061bdb62371d7eefc68ddcfa587d4fa97c3e710cbff99947b8e7e9be69bba624499a9d0cb034ab3cbc7937fff5f41ea81681422db70a494e1d0c93508b10886bad8301504d6e0124ffc925af1b1f81d688ab56cc2397f34b494acb708a0156d7094edbbb78450a011670e7baa99f72f6bd27ea3bffea456b4e7c7aea892ad3ea696874faaaa0aa51ccbbfee5feba0ebecfba97fccb43f40d4d4f2bdf17efdcca3fdcb2635aae25499266371f756bd6182d55f8ef47b6c31050ec82425b3290bd5201c264207b904baaaba8920c7527691f0c8fa9c02207c430de075d79ce59eae983529a06530c3b8af9e706584be7b5436f4bddaff55f8f4e3d7cfaebfb77d76127351d05d69c79e2b0ee449569f53492622879bc0f7f631d373d3cf5f07046e92ff1c75f4cbf9570dbfe21defa89c752bf8e24491218606916d97d6888cfacdd0bb9cea485b05ce299caaaa0ca33d55550abbeaa556111415881204a5e1fe7a0124154e6ba85edcced6a6bcc1d92668934ab755a8a270e6a7eeee2e70e369faa7b9eeea37f78f22d6c7b0e8fb267fb50ddf6f34b572d2297abff898ba723cdb6d0633db2f910effdfcba69b9d673e402e86c5c7bf95f7f671b8f6d997adbeac9c471cccfffdbc3756d699524497a3ee91e332465441cc39debf7b27b671fd00dc5024411c4e5e4ef5580b0165801f1915fc88324b80aa224df8a8b50ad3de0cb55b8e6cc39f4b43e7700b2a4fa191c492fc06a3f4980f5d2f3e6f12fb7edacfbf51edc7890975db26452ef7be7da7d75ddcbeb2e3bf9e9a98530dd602bcdb6d023c6ca552efbc88347bfafa72917f0ceab17f186cb1673e1f25e962fe8a0ade5e8af587d43e36cdd3fccc39b0ef1990776f3edc7d30b968ef56bfff904fff39b2f2648e1c3f9d57bb6f3adc70ed67f614992a49330c0d2ac3056aef0df0f6d8291003af210e69253062b55924737b521ee41ed7f8fccc082da298415086ae155509b91550cb8f48cb9b439c05d4ad5408a15588593b4ca5db56a6e2ad7bb63dde403ac9beb39ff2a801f38ffc4f3af00da5ad26d211c9c8621eefff4cda7d39f7b950bf8f3d7afe6275f76360b7b5b4ffa66bd9d2df476b670e9cab9bceb15abd9b87b803fbf691dff7ac7ae54b7f7dd270e71e7dabdbc704d7d87f58f8e5778c367d7d6754d4992a45331c0d2acb0f3e020776cdf0fad1d490b60b59a0453007105823c474f223cf6e9fa5aa215c41004c98d10aa15680d58bea0279567b6251d95668075b20aac554bba93f6afa1fa5efb938fede777df3af1f78ba2988f3c54bf0aac1b2e9c4b4fc7c9ab47c3942bb0d21ee2beebe008ffe7cbeb53bdc60567f7f0f55fbc92958bba26fcbeab9674f32f3f7f356fbb6e0f2ffbc7076034bd40ef83dfdac057eb1c607dfa964d7078acae6b4e4a5781379ed3cb156774b3a8ab48776b81f14a9503c3259edc35c4c7d71e82c3d333cc5e9224a5cf004b4d2f8e631ed8b48fcda51ce4dba002508530807cad6d308e391a5e05b51958247f0f495e1e1f9993154225624e672b0b7ada1b729fa4d96420c516c2d69304586118f08e0be7f1a97bf6d4f57aebb70cd037344e6fe7c486c43fb5b3bfae61dadbae78fe2ab0f696747f3d18184b776ed21f7fe949a8a6d73bf88e6b17f391775f495b716aff4e2fbd64311bfef0c5acfeb33ba07ff2f3d19ecfd71e3ec0a63d839cbd78e241db890c8d95f9b99b36d465ad4969cdf127379cc5ebaf5aca452be63c6fd8fad118d6ede8e30bf7eee0f76ede9a6a50284992d2e7107735bd819171bef9f036182f40773b146a2d84905452c5d55a801571b4faaad64e18909c4a181ff99f9a1896777530a7ab633aef8a342b1d1a49ef4167217ff21f83375c50ff41ee008f6e3e3ce1f7b9e7a93ab60f02d75ff4fc1539b9942bb0fa52acc0dab87b808fa430bfec889fb876311fff85aba71c5e1db16a49374ffce675c9132a29f9b75b36d76dad2fdcbe1506d3ada03ba130e0cfdeb89afebf7915bffbd68bb864e5dc53560a06019c7f662fbffbe68b38fca157f2273fbc6a9a362b4992d26080a5a6b7ede010ffbeb91f465b200ea1b705f205205f6b1d0c9316c1b85aabb2aa0d6c0f73c96fbf7108d55c32e83d8e201c8778888b16f630aff3e4334f24d5c7e1299cdc772acf17425c7dcebc54ae79c7fa890fbefeca63751ce0beb8fd94d5386957601d1c4e2f00f9e04de99d3a78c68a2e3ef2335792cfd5f7d7a73567f6f2e9775e58d7358ff527dfddc66869ea4170a51af153dfda54871d4dd0e2769efad3ebf9ed375d4877fbe40e4ee9ed6ce177df7a110ffcfe0ba1c7c35724499a890cb0d4f49edc7e100e8e022d30300ee5087a5a219f07723cf36510443cbb0a2b38fa1512d5da0a89802ae4e0ec055dcf3a654a523a520b3bda9effeb77f5d26e68adff30f3cf3e36b16aaad152859bea786add1f5f73ea21f269cfc04aab026be781613e7a674a83d17301dffd852b696f4de7fbfe8f5dbf928b57f5a4b2366355ee5e3bf52abe3b9fdc07fb46ebb0a1d3f7ca0be7d2f7072fe1bc337aebb2de15abe7b3eb8f5e024bada0962469a631c052531b192b73ebdaed3034cc332d8083e3508aa0a7058e7f16fda48fd9a263feac422ec7bc9e39044e709752b77b28a50aac539cb497cf85fcd845f56f237c6c633ffd13a82a7b64f321a844a77ec3d374c3c50b4ff936271b6e5f2ffb529a6bf699dbb63efb1c8e3afac0eb5771ceb294022692b6cdbf7fd3f9a9ad7fe383bba7bcc6bfddbead0e3b397dd79ddfcb8dbf7addf31e3830194be6b6b3fbffbe10e658452d49d24c6280a5a676606894bb37ee48da01e32acf3cb2193a26c42a1cf740edd84c2a3ef67531cf0c730f2bcceff6175f693a6c1d4e690656fba92b695e79413a6d848f6c3afd8aaadbd71ea8df855b735c71f6a9ef5318a4fbebc1a691fa0f71af5423feeff7520a58daf2bce7d5e7a4b3f6315e7ce122589ccee1207f7bf76eca5308420747cb7ce2defa1e6af0bce6b4f095f75c9b5ac5dbe2396d3cf26b572707ba4892a419c1004b4d6de39ec33c7860108aadc99cab630d95a0124357f1f42ab1e2232d8611b41758dcdb96d2ae251d6b6d4a1558179fa28510e0aad58d9f83f5c947ea37ffeadd572ea2787c687f02ad2de9fe7ab02d85b6d0bb9eda077de3755f17e02f5eb372d2b39726220c03fef6fa33d2597cb4c293dbfb26fdeeb73ebe37d5931d8f77d77bae60616fba4f145db2722e1f7ad3ea54af214992eac7004b4dab5a8db867c31e18a8d406b21fffcc739cccc43a653b6190bced91930ae318f205e638c05d9a1e03e90458bdc553ff085c73666f2a73b03efff8e9cd233a3438ce631bfbeb76dd375c71eaf95790fe29840cd53fc0fad41ddbebbee6113ffac2e5a9ad7dbc975ef8fc27444ec5bd4f4fbe9aefc687a6de8278bafef72b96f382f34eddea5a0fbff883e7c29c9669b99624499a1a032c35add1728547b6ec83389fb402464742a863c54925d6c942ac30ae055941ad82ab0a7185251d45e676fa0baf94b6722582b1fab79b01cc3b8d0aac423ee46d97d47f0ed6431bfb191a3b7588f3e086899f58785261c08bd69c5e28f07ca733d6c56885f839df8f276fac5ce55fefdd5bb7f58e75e5393d2c5fd099cada2772c199bda9b5b57d77dde40e03a85663fef5c13a9e84f97cf221bffd860ba6e75a249feb9f7c63faeda1922469ea0cb0d4b40e0f8df1f4c171a87601855a10159f60c0eff38558210461ad082b4e42b020a6b72d4fdb69b4e1489a9ae1d30879266b7e5be1b4deeeb517a5500912c3da6d7da77cb3dba6503173bc375e367f62c3b073e956610d8fd76fb6d9c39b0e42299da0f367af3abdaab57a29e443ce38339dc0ec734f1c9c5470f8f4ce3e18496916dd71fee83567b120e5d6c1e3bdf105cba1e0afc49224659d3fadd5b436edede7c1fd2310b641587866063b30c110abf6202e88218c8098965c4831ef978f94b6e1b1f41e34f79ce670e86bcfad7f0516c083a731c8fd830fd7afeae5ed572d9dd83b9cc690fba918a9e3c7f6d627eb38e8fe3857ad9e9bdada27f3c32bbad35978b4c2debeb109bfdb839b0ea7b099137be7f5674ddbb58ee86a2bf0d357a7d7ba294992eac347e06a5a6b771e86a10872ed10e421a83e7b90fba942ac632bac82f868051731f30b05c2d02f1f296d83a3e95560759d460b21c0aa255dd05bff96e16f9fa29d6b5fdf28a59dc375bbde4b2e5a3cb17748790e563d2bb0fefec1f44ec75bb9a82bb5b54f6661577a2dea9bf60c4cf87deeda383d01d6ab2e9ec7590df8f70678edc506589224659d8fc0d594ca952aebf7f6435000c2e4e4a428a99e7a96e70bb1ba8a50c8f3cc00f72333b4aa555af239f2c7cfcb925477a90658a7399c3d0802de7b79fddb08bff8e421aad1c9dbb9ee9fc04985a7f2a2f3e74cbc2dabe3f45a2c276ba44e01d6e068991d5b07ebb2d673741598d73dfd077674b7a5d7a2be71f7d084dfe78b9bfaeabf911378d73513ac12aca3958b3a1a766d4992747a529ed22a35c6d058996dfbfb20aa42b50cd55c6d96d50942a798634e1cacbd60a494bcb0b308033928e58ebe4d50215fc8a57f4a97248646d36b21ec6a39fd1f81375cb880bffb5e9d4fb91badb069cf20e72c3d71bbd82d4fd5af2dee6726110c74e502528a8580fab510aedf59bf531a9f63b04cf0ce1bd35bbf01b61e1c9dd0db8f97aaecd931f1d06b325e92e2098ca7b2a0b7ad61d7962449a7c7121235a583c3e36c3f3c9e8453ad63908f2168e1a49ff2c7174144310c8f43690cba8b5068875c47f2fea531e6b5150831c092d2d69f6205564ffbe90f34bf3aa539588f3ccf1cacbf78747fddaef3f24b27d83e08ac39cd16cbc91aaa5380f5c4f61403ac26b47d8233b0761e1a3941b5720ae6b7b26c7ee3aaa07adad3ad38942449536780a5a6b4e7f010f71c188108c85593e1ebc1291e8c3de717f42a8c8e42a9023ded906f85388420a2ab90ce6957929e6d6024bd00abbde5f4dbb416f5b6d195c2c970776c387180b5fdc030ec1da9cb35ce39ab9be50b26bef742da33b0ea14603dba7de2339d66b34d87265681b5f360fde6b03d9f5f5c336f5aae73326d459b122449ca3a032c35a59d070761b402f90082a0164e9dc653c8f1717f8f6318291f9d89954f6f2e89a4e7ea4f31c0ea38cd53088f78df65f59f83f5374f9e78ced5031bea37ffea97af5d32a9f79b9ff2298483f50ab0f64e4fc0d22cfee7f0f884de7eefe1899f5a3819979e91d2c98ba7a9e0c9c29224659e3fadd574e2180ef40d41b50a610871eee800f6d35aa0f6e791e2836343acce2383dd254d87c329b610b64da0020be0a517d43fc062cf0807fa9f1b10fccf13f56b1f7cf524da07018a2957600dd5e9637b739d2ad5668dc1d284de7ccf093e3fd3b07a71634e1f942449338701969ace78a5c296fdc3c9e0f60ab5402a82dc0486781cffa64742ac72045dad147221d1b40c059166b783432956604d60883bc095abe6420aa1ce13dbfa9ef5ff710cff58aff9570bdb387759efa4deb5b72ddd9940fd7518d05fadc6b07f622d71b35e34b137df37c1c06bb216cf9dfed31e2549d2cc6280a5a6333256e6b17d23502ec27878348c0a614273d7236aef507ba73886b10a94ab14f22171648025a5edc0707a0f9e3b5a2716d074b415b861cd9cbaefe391e302ac6dfb8760826d5e27f327d72e259864e6964fb902abaf0e2d848787c6a767c07833199e58287c38c536de63cde9689996eb4892a499cb004b4d67a45465fda112c479686d87288242014a71d24a78ba8200e2e0d95f25710c63e30471c4a41f154a3a6d7b26f8607b22da27588105f0964b17d57d1f776c3cfcacff7fe8794e269ca8574f61bf3d299f42588ff96623250fd4485b5f1d2ae54e477787a7004a92a4e76780a5a6335eae70786414821c84b9a4802a8a98f4d3f4c7bf5bb5caa1e1fa5447487a7e4fa7d842d85a98f88fc0175eb0a0eefbf8afa70e3f6b44dff79f3a509f853b0a5c76f6e44f766b2ba67b68453d82914a7582fd709ab0a1f2f48484e1844aa42549d26c6480a5a6d33f3cc6e1e131080b40004108953284d1c45a088f75dce98483e315aab6104aa9db31905e0b61cb24029af3cfe885ae3a578a0c95d97de8e820f2bfa9d3fcab5fbd66f1944e566b4bf954b67d75a8c01a4c71c87fd34ab9b26eb2267aa88224499a7d0cb0d474761f1a86d1088216886a83afe23a3c831c93ac454cb95a258a7de65f4a5d8a01565b71e20fe47361c02f5e5effd308d76eef0760fb816138509f53df7ef8f225537affee94838e1d23d3d39aa6e3a41c4c4ed6f0b89f0f9224e9f965f3b7186992e218361f18846a0cb97c123a85f9facdab8a938b0c8e8d12598125a56abc544dbe96d33085793bafbaa8fe01d6c3db9239580f6c38589f057301d79d3fb576c79694838e27a76938b89eadabb738b1b72f4c4f65943f532549d2a91860a9a954e2988343a3108749cb60b54cd246989f78fb601c00b964adb80c71edd9e1a0482576568794b6c1348747b74fbeba68aac1d089dcba2109b06e5f579f00ebc7af58487bebd42aa82653a1362175986f96cff9bd78a2aeee9e588095f62cb423ea31d45f92243537032c3595288ad833504d06b85747a0485296453e79d98452ac1068a9555d958151208242373b4b394a655b08a5340d8da7f780b6ab75f20fca17f5b6b17479571d770337adeb238a623ef4787d06b8bfe5caa9b50f02b4a73d936870ea1fdf8e564fae9ba833ba261660cd9da699590707ead33a2b49929a9701969a4a10c3feca91795731506b419a4c6742107064e61554814a72812064702c66bceaf1ed529a86521cd0bd668a0fca7ff98a4575da49cd6885bb9eda077b474efdb6a7e1fa0b174f798da90c803f5da3539c7bd4d992cd81e459b66a41fb84debe659a5a08f7f63536c0aaa6d5ae2c4992eac6004b4da51ac744e54a72f2600010431433b9048ba3ef77e4dd83e43fdbc7ca8ca5581d2229dd13e6164da18510e02517ccafd34e8e7ad15fdd5797755e7cc11ce6f7b44c799dce29b6209e8ee1b1a93d11d0d331b16a22c1f2396d137afbc5136c399cacb5bb06a6e53a2733567288bc2449596780a5a6528d62c6878f7916378e8fe91a9c608815d782af387a26b8220e81104a150e0dd9ee20a56928c553ea7aa718ce5c7ef63ca8f7fca5527daa3a7ff2eaa57559a7380d155823530c0d0af910a629606916672dec9cd0db2f9b3bb18aadc97a706b63032c4f41942429fbacbd5753a9461143e54af2c032172421543cc91642a80560c7be7f08e460bcc4defef1fa6c5ad209f5a7588135d5d6b3b6963c6fb8643e373eb4bf4e3baa9f975f5c9ff6c6e234b48e8dd6a192f5aac56ddc3f50aac36e4eecefffd779a99fc8389d2e5a3167426fbf646e6b4a3b79b64f3d7a804f4431b9b03183f9f7f5fba4942449596780a5a652ae543954a940182433ac62987c7a0510d52ab0229232ac20694f1c0b3830305a973d4b3ab1c191f442899e3a0ca67ee3c50b331760759dd9c9598bea3360be631ae64b0d8f4dbdeae59a255ddcff747f1d767362afbfe60c962f9858d552335934677a2ab018adb06e673f6bceec9d9eeb1d67f39ea1865c5792249dbee6794a5102e238200a82246b8a6a95534158fb4c9f689015f34c804532bc1d02c8e52117b0f1e0a1fa6e5ed2b31c4ab102abb76deaa7d7bdf0820575d8497dfdc1b5533f7df088fc34541d0d4d710616c09a251d75d8c9c96ddd37bb838dc5bd6df56f973d899b1fd93d2dd73991bb36fa335d92a4ac33c0525389e288b81ad582ab635e111cf7e769898f8657cfbc73ad859080d2f008d5c8538ba4b41c4e7106566b71ea3ffe562fed86dea90f4bafa7575d32f5d3078f682fa6df42588fb9436bcee8a9c34e4eee8ea70fa6ba7ed615f221579edd3d2dd7fadfb7ed208e1bf373f5038f66ab9a5292243d9701969a4a14c5544e182a4df6d9e32383dc83e476a42d318243a325c63db5484acda1a1f45a08bbea10ce0441c0af5db1b00ebba993de162e5c3eb1f946cf673a86b80f8e4cbdcaeebc65e906587f70efee86852a59f1ba73e74ecf85768f70c7937ba7e75ac7d8b46710760d4ffb752549d2c41860a9e9548f3dc9ab36b66a0a53dc935b7c4c1556100279361d18e6e09073b0a4b4ec1d4aaf85b0a375ea2d8400afba283b01d6efbc6009611d07604f470be1e0d8d43fc64be7b5c39cf4068d97760ef3c08603a9ad3f135cbea277daaef527dfd8306dd73ae24bf7ec98f66b4a92a48933c052d38972c77c5a07cff9cbc43c2bf70a200c811082903b0f0e73d8004b4acdaee1f42ab03a5beb33a0fc9a73e7d7659d7a78ed65f56b1f04e8ac53c8f77c0646eb53c5fa4b97a4fb71f8c39b9e4e75fdacbb6879efb45debe6c70e72eb637ba6ed7a0323257ee35b9ba7ed7a922469f20cb0d474da72cf9e554510f04c1235d13690e0c87f6a5f2a516da87b0ca5a1718646d37b802dcd760fa65881d556a7f94ef3ba5bb97855ba2d6ca7a525c7d5e7a410e2a45c853550875308015e9d7225dcd71f39c0771b3860bcd1562de99ad6796f2ff9f4638cd4e973e3543e72f306184eef7b8d2449aa1f032c35955c181295cb10e520c8250fbe7224c155a5d60e78da02200f410b842dc9dfa32a44250873301ed3373c9ecafd9004a581ec075800efbabcf16d843f77cd628a851486aeb7a53bc8bdbf4e1558d79d9ffec7e015fff230fbfac652bf4e160541c0af5fb968fa2eb87b84dffdcfc752bfccda6d87f9cdaf4c7fcba224499a1c032c3595200880c2d181eb4100619004585130c1515847d638a69aeb999309032847ecedb785504acd607a158e6d756a2104b8fefc05755b6bb2de78797ddb079fd1916e1b615f1d86b803ccef69e1868b521e343e58e2957f7b3783a3b3b35ae7872e5f32add7fbebef6ce313df5e9fdafa07fac759f377f781a7094b9234631860a9a9e442c8854782a6632bae0208a209ae76925f6a03801c54ab3cbdeb10a572f5c46f2769d286ea30dcfbf9b4b7d42fc0ba74e55ca86345d78485012f5c934e05525721dd5f13f6d7310cfaf9172eafdb5a27f3d8c67e5efdd777726870f655df5e7bfe7c689ddecff39ffed4937cfa964d755ff7f0e038affadbbb609f4f42499234931860a9a98461406b318488670756933a89f04473b382a4ba2b8a21c871cfb6030c8d39074baab7e194e7dfb4d631702a1672fcf8a58d1be6fe864be7d3dd5e4c65ed356df50bfa4e64ff48fd3eceafba62e9b40489773dd5c7bcf7dfc613db0ea77ead2c692be6f98d179f31edd77dc7c71fe38f3fff58dd9e2cdab46790333e703b0f6de8afcb7a922469fa1860a9e9c4cfcc6c8f2138b6022b60c2a7113e135e1d13620521e4f2906be1ce3dfd0c3ac85daabba194dbb4daea3c2fea872e69dc1cacff75657aad5d3d2de90642f7d471507f575b81df7ae934052cbb86b9e8f76fe36fbeb696d1f1e919367ebaaad5984a75a215c7a7e76d2f3c3395754fe50fbeba894bfef4561e587f60d26b94ca553efe3f1b58f5bbdf6764c7501d77274992a68b01969a4a1806f4e463c855786ec555c884032ce2636e47d4e662e50b8cf70f726060780a3b96742269cf196aad7330735d03e760bdece294e65f01ed29b71052e793267ffe8655755def794531fffbbf9ea6fdb7bec3a76fd9346da7e69dc8e1c171befde02e7eed130f92ff956f72d753fb52b9cea52be7b1a641a76eaedb3cc0557f72076ff8ab3bb8e5d13da75d91d53734ce7f7c7f132dffefbbfccc279f805263dbfe471d3b2049d2a4a5db1b204db33008e9cc15a0d40f85d6e48551541bc43e9967a44fd07618044008611eaa119bf70e70f9aa2584c144c3314927937605567bb1be3ffece5ad8050bda60fff4ced4b97c750f8be7b4a5b6fe82f67487b8335cdf8ff3598bba78f70b97f2af77ecaaebbacfebe018eff8f863bce3736bf99debcfe0cdd72ce3929573c9e7d209ffe23866f7a1511edb7a987b371de6f34f1ce0b18dcf6e877b625b3f2fbeb0fec16610c09fbf66153ffc0f0fd67dedd375d3c307b8e9e103d092e36d97cee7da95bdac5ed8494f47818ed63c23e3150e0d96787acf20ffbdee10373f71285383da4b95ecec4592a499c6004b4d251740a178e40157edc4c0a00a71be7632e164e6601d799ff0e82d8e92530d2b79eed9b88b375c7b0e61be81439ca5263350c7d948cf51cc1186f50d9c83007efbca457ce05b5beabaeea9fcfc35e99e0cd7924fb902ab1a3356aed25ac796cedf7ee3f9fceb9dbb263ef670aa462afcd9b7b6f067dfda02ed797efab205bc78f55cd69cd9c3f2859d2cec693dedcfbb7225e2f0d0388706c7d97d7894adfb86d97060847bb6f6f33f9b0660f4f9bf3eeeddd2cf2fd4e12e9dc80f5eb90c963c05bb4752bac2691aaff21ff7eee53feedddbd87d4892a4696380a5a61284015d6d6d49a7601c415c2509b26a5553444ce8514d101ff3e6c7cdc1220741c87d4f6f61b4f4420a065852ddf4a7598195d2496a2fbf60c1b407582f4fb17d10a0ab35fd5f13c6c62b750db0562eeae2f75eb3923ff9c6e6baad396123153e7ee76e3e7ee7eea32fcb0530a7858b7b5ae82d86ccab0dc8ef1bab305a8939548a583f524eda2aa718e07e62431f1f9fd20a2797cf857cf5cde737b40a4b9224cd4e06586a2ab920a0ab254f1236559321ec5329b4882109bd429e09b08200c83d33c87dddc1210e0f8fd3ddde32b5cd4b7ac6c0488a0156673a6d71579d33af169ea7b2fc732d6e67f5d274e71175b6a4ff6bc2c87895decefaaef9bed79fcf9fdcb113fa3374c846358603633c76602cfd6bed1fe5f0e03873bad2f9b9f49aabcee0bc951b58b7792095f59bd968259d01fb9224cd060e715753098280964208d56a528135a5c58e1fde7ebc1082903d83e33cbec51606a99e0ea7588175797b3aa14c6f670bd79dd79bcada27f2fe6b9792f6e8bd62da2d84c0700aa7f875b717f99f9fb9aceeebce24eb76f59ffa8d262917067cf69d97a4b67e331b6df0107949926632032c359d8ed600c20082426df61510444cb87d300e803c04399ea9e80aaa475b13e31cd002e3318f6cd945143768306bdee1f16a3e7d753e9dee58f3536a2104f8b14b17a5b6f6f17e701aaed593e2bfd511c363e97cac5f71d912fef72b96a7b2f64cf0d4f674aba32e5f358fdfb86145aad79024493a9601969a4a18062cee6a83b61ce43b602407411e2843506162bd3d21042d4910165621370ac1288465088a309683b81d8222dbf60fa6f6204c9a8d0ea6d842d89d625bdcf5172c486ded67e92a70e9ca79a95fa6a58eb3a94e66782cbd81fdefffb18b396f65776aeb67d9bd5bfa52bfc6efbe790d2c4cef14cc6634708a01fc9224e9e40cb0d4540202ce98d391544d5503080bc969817194cca69948b1d29159570410d6aab7822a1025ebe78b50ce43be857b771c62c7c1c134ee92342bed194e6f76d1bcf6746660015cb4620eb4a53f37ead7af59422e977ef5653d87ab9fcc508a01565b4b9eefbef75ae829a6768dacfad8c6bed4afd1dd5ee4a1f75c99543d3789f35676f3f32f5e96dafae5a841d5da92243501032c359520808573da93e309c6cb500820aa26dd83131d16131f09acaa1085494be1915b14433e9fac19b4f2d08e036cde7330857b741a8a9e7ea8e6b37530bd0aac39299eac97cf85fcd465e95761fdd0e54b52bf0640e7349c4238947245cad279ed3cf6be17a476fa645695760e3398e6699e35979d3d8f7f7bc79ad4af335d3ef7ae4bb878599d4f153846c921ee92244d9a01969acedcee36682b40f5480547adfaea4835d584d47ed17ce609d31cc4b52f9b2080308462078cc46cdc73b82173b0deb8ac63daaf29a5edb1146760b5a71c64bcf6e285a9ae4f21e4daf3e6a77b8d9ae918e23e340dedd717ad98c343bf75ddac0bb136ee9e9e5302dff9f2d5bcef95337fded85fbee51c2e3b7b1e4be7a4d716d997c2a1059224cd1606586a3aad85022b3a5a48e65ec510c613afbe7ac69193088364687b1cd482abdaeb8e0c8b0fdbb975c3010647a6ffc8f67fb832fd3938d2b41b48ef6ba9a325dd10e3daf3d3adc07ae7950b694b718ed7b1da52feb702e84fb185f058979d3d8f477efb07a033bd16d2ac79625b7a27111e2b08e0036fbf94b75d337d8718d4db2b2f9ccb7b5f7b3e00f3bb5b52bbcede14e7fb4992d4ec0cb0d4745a0a79e6b617800ac42520845ca116624da2022ba6d63a984bd622805c980c760f432007adbd7c61d3610e0c8cd4f7ce9c86efef1985d9f3784cb340b51a438a6d65690e710738737e072c694f6dfd375f313ded83305d33b0aaa95fe3884b56ce65d31fbc1896ce8ecad587b64e4f800549fbecc77efe6ade7c65ca15886958dac1e77fe91a0ab58ac305ddada95dead0b82d8492244d9601969a4e6b21e49c79ed49c834360af95c32c47dc2bf33c6c7b40e064098b40fc63154c693eaae5c0ea23cc4ad3058e6f1ed87ea7a5f4ec7dbefdd0f7624a889a4dd52d6d59a7ee2fb07572c4e67e1005eb466fa0282fc34b4100e4c7345caca455df4fffef533ba5ae874dd340d83dc8fd55ac8f1e9f75cc3bb5fb8745aaf3b258bdad9f59b3f406fe7d1aaabb95de95560ad1b9fbec05692a4666380a5a6d352c873eebc76084b4965521c91844f13adbe3aae7d30aab51012935477559301f1844001460bdcb27627e5ca34ff725aaa1e0dda9ae72028cd62c329b794b54dc3c1072f5b934e1be12bd7cc656e8ad521c7eb6a4b3fec3b340d83c68fd7dd5ee4d3bff4023ef3331737f54118ebb70e305e9ade9f49ad851cfffceeabf8c08fac9ed6eb4ec6e2333bd9f5db2f64c9dc67574ccee94c2fc06270fa470d4892d42c0cb0d4745af22167cc6d07a2646e7b549a64fbe0b1429e09c1e208820a84e3108f27411639088bdcbe791f8787c6eb713726c7d3b9d504d2aec06a9d86b94e57ad9e97ccc8abb3775c3dbd952df95cfaa9f8fe06cd040a0278db4bce66c7075fc69bae98816d6fa723860d7ba66790fbb1c230e0b77ee442bef9ab5741dbf4cc6b9ba8375cbe80a77ee7c5cf09af80a495b037a5106b1a5b6625496a3606586a3a4110b07c41efd1d3a6e238b94de671d891e02b3ed23e580bb02827f3b58232504d5e1e15b97fcf204fed3a58b7fb22cd468329071a9dade93fa0ee682b70c39a39755ff7a517a7d49a7812d331036bcf7063875a2f9bdfc1177fed3a6ef98d6b597c666743f79286b5dba73fc03ae207af5cc68ef7bf94575d9ca1c34672017fffbfcee38bbf7a1d3d1dc593bed9c5f352aa742c4734e0c06249929a8201969ad2bcee36682f40b59accbe8a6ba7114ec691130ce3e0680b615c01ca4009a8920c762fc248857bd7efa11a39a4559aacc11407b8c3f4b41002bcf992face583a634517cb174ceff0f1d669f8b7da32928d217e2fb978313bfee4e57ce357af62cdaa9e466f67ca5eba660efff57397f2aacba76fe8ff892c9bdfc1b7def742bef0f39741cfc903a3e9f082f37a79fa4f5fc22fbfee7c72a7a8904c2dc00286c73d895092a4c9c8665db734459ded453adb730ced1f827c7bedb4c07ced54c2d31524c1d791d2ad20e69949f071501b8f75e417e0386917aa16b867eb210e0e8db3b0bbad5e77e7f9557c2a57cd6530e59948ad299f4278c4db5fba921b2eab5f78301d9563c72be4d27f9e6bcf5036022c805c18f09a2b97f183572ce3810dfbf9c4addbf8f01dbba032039e9408035e73d15c7efc8a25bcf492c5c96998191104016f7ee10a86ae58cac7bebb915fbd6963aa278d1e6ff1999d7cfc47cee307af5c46109c5e39f6f2def402ac52a90ad37098842449cdc6004b4da9b7bd85ab7bf27c2f2e27055214210a6a336926f0802c0688920c2b38d2869883b825c9b20292d6c2a004410441c817d6efe57d7bfaa72fc0929a4cdf48ba438ea7ab02abb3b540e7e299fd20b56d3ac2be06b7109e4810c055e72ce0aa7316f0811fbf985b1fdfcb7fddb78b4f3db43f393823232e5ed5c35b2f9ccf8bce99c795e7cca3bbbdb1154ea7d2d156e0bdaf3b9f9f79f92abe7ccf76def3edcd0c6e1f4aed7a3f74d97c7eede567f3d24b169fb2e2ea784be6a41860557de24992a4c908e2d84e7c359fe1f132bffdc9eff2f7b76c84702e543b20d70ac138139b743e9167dd2b108f413cc4bfbef35a7ee6864b4ffb99dea9083efa2464a4054729096276ffd4f92c4ef3642c49a73456aef2e8a643dcbde120df5977909bd6f54d4f255121e4f2155dbc74450f57ace861cd19ddac5eda9df9c0ea54e2189edc7e986f3eb487bfbe6f37bbb60d4e6dc15cc00fae99cbdbae5cc20d972f65f11c9f489224a9995881a5a6d456c873c6fcae64ee551043549d86cff6007279182e71f3a39bf8d1175d4077bb818324358bd6428e6bce5bc035e72de0bdaf83388ed97378948dbb07d87660848dfb47d87e7094cd7d63dcda374e69a80c43653851c54d5b1ef2217415b8b6b3c0e28e028b3b8b9c31b795337b5b59d0ddca92b96d2c9bd7c1829e9669794264ba05015cb87c0e172e9fc3fbde700107fac7797ceb611edfdec7e3bb867878ef30f71c1a83c3e3cffe376ccbd33eaf9597cc6de1b2a55d5cb0b8930b97f770c199bdd353352849921ac29ff26a4a6118b0784e0f0415c845908f20aaa47b6c4110022114423ebf61277f78689035065892d4b4822060c9dc7696cc6d6ff4569ac2fc9e165e7ac9625e7ac9f49eb629499266064f2154d33a77e91c68cf435caecdb04af9d9eb0008f390ef84be0af7aedd4e6487ae2449922449536680a5a6b562610f17f7b44254866a190a3c73a0607a02c815a01cf1dd27b732383a9ef6056b83e925499224496a5e06586a5a5dad45562fe886d228845588533e392a02aa11540368e9e2f34fefe6e95d7de95e1320b2ca4b92244992d4dc0cb0d4b45a0b392e5aba3019e41e4ec7a77a005108510ef21d8c1d2e71c753dba9a61d30598125499224496a7206586a5ab930e48ab3174f4ff5d51131906f83a000e301df7a742b070746d3bd66394a777d49922449921acc004b4d2b0860f59239d0d102d54afa178c83e45668836a0e5a7bf8ef8d877864cbbe74af9bb3024b92244992d4dc0cb0d4d416f47470c9a2f9104d53955210d4c2b210f22d303cce1d4fef60bc324d156092244992243521032c35b58ed622972d9e0394929308e393cda38a8fb945c7dc2620082008616c0cf2611264e58a7cfdc97deceb1f99c2bd9024499224697633c05253eb6829f0ca0b9640a10aa5f1e494c067b2aae8c4b7c906583110e59396be7014f231842ddcbfed10f7aedf7bf2ec4c92244992243d2f032c35b52080d54be740674b32cc3d88389a601deb980aac387e9e4aadd351abe20a03085a603ce28bf7ac6370747c0a6b4a92244992347b1960a9e92d5f3087ab1777435886f0d856c193096ab7c9a84210431c02f9e434c2b88dcf3eb583cd7bfb26b9a62449922449b39b01969ade829e365e78e61c280d415ce1d92d82476ee1496e1310d4d68a49de372c26b75c3b0c447cf381f55423fb0825499224499a28032c35bd622ee4f2b397406b0c5125a9903a9d0aac78a255583104659210ab00d542f267ae08d5166e7c78333b0f0d4dfa7e4892244992345b19606956b870f97ce8ca272703c6d1d10ec1e0442155c0e4da088f9c6008c4b924bc0a7310e420d7c2dd3bfab87ffdcec9de054992244992662d032ccd0a67ceede405f33a21acc0f838e48b499095cb43b55a1bda1e002144b5db64e4a25a2896077249155714439087729e4fdeb98103fda3f5bb639224499224cd0206589a157a3b5a79c1aa339393018b2d4005a22a54cb90cb1dadc43ab66d309e681be191b6c42019e21e07b5902c827c08b92e6e7c7237f76fdc5ba77b2549922449d2ec6080a559219f0f79e90567401128041057218c92102b1f26c557130eac8e131c693b3c52c5559b89158c42ae0a410bf4477cf5c12d8c952bf5b9639224499224cd0206589a15c220e0c2b3e6c3bc76a8968038994f15c7c7b40f3eeb3d922aaa89cec10ac2645dc2241c8bc6211823998d9583f6797cf8d19dacdf75b80ef74a92244992a4d9c1004bb3c6a2ae367e64d5c2e424c2b8562d953b5988359921ee242d8acfbc5f0c513999b1151d99b3d50abbc7b8f1818d54abd114ef91669329d4064a922449d28c6780a559a3a3a5c0cbcf9e076109e2125081dc31b140102737002208228eceb53a4df1917789806a923a4424ed84d5180a79083af8e243bbd9b87f60caf749b34430e1cf44499224496a2a06589a35823060e58ab9b0a808e581640e56692ca98c0ac3e4ab218c9379556129b90513880de2daecabb80ac17832638b22c4dd10b5034172bdf6761ede32ccf79edc4325ae432cd153f42bb9a9c5902b33e2dc3449922449b358bed11b507a2ad588bdfdc3f40d8d13c531956a5c6b5b8b295563c200ca514c3d32942c8963886bf52a95dafd2c552346a398870746a1ab1baa835019879676c8156a2d85b50aac2882a07acc8a1348878e5d07805cede55528e661640cf205885bf887db37f0ba4b9771c6bcae49dfd76a14f3858bda78cb9ea189ed53334800d590555fdac2375f3a3f99b156adf09abbfbe050a9d19bd354cd290270d7cb16b2a025cf8ab99de4737e2d4b922449c70be2b8d9e20b1db16dcf01fee23fbfc757361c644fdc41350e81987c1c528ee2a4452eaed21cd3754ef2695c8d93b954512d982ae4a014c0c018f4cc87280fd520a9c08a636afd7e101f994f15529760288aa05080d1121473492be1d86e3efa33d7f1932f5d432e9cdcc76070b4c46f7dfe763e7ca803c2b6a9ef53191643349afc1957215f84b8b5d19b525d4449e81d56d9f896d59cbda8b7d11b9224499232c70aac26b675df61fee1fe1d50ed495ad8722d40483904a80211e467787e19d58603e5a2a4fa29a80d648fe2a399569cabbdbc0a954af2fa9602148a305481420b492890fc51f73c2f0820978752058a0592d95801545bf8e81deb79d5a5cb3973925558ad851cabe7f5c0fe710bb09a5e0061fbd1ff9de15fba3a56987c3ccb5576f58f18604992244927e043de263656ae8536854212d214da6ab742d2ce56cc419887a076a33003ff5efb332a425448fe8c5b8016088a10149296ab236f5f062a40b11dcab9e47504b5d63f48ad1a2d0c8f0e858f621819817c0b776f1de0bbebf630d942c8423ec71bae3d075a8b986848335c5c66b05c6ef42e244992a44cb202ab8985b9100860ac0cc51204b541e54109180722a81693c1e33355540b6d82daeca938e0d943bd8e2ba9ca15926aa85c114647a1d8ca33a55701a432102c8ea15a815c589baf9583a892ec653ce633776fe0b56b96b1a0b7fdd46b9dc09973bbf8e76be7f10bb71f82b050e7cd4b9a3671441404c471ed5b9a244992a467186035b14a4412e814f3b596b56a2d381983782c0953e218a25ca3b73a7941ed76a482ea99e1e9471efd1d1360050184491b25956a6d983a47df2eed71707150db4a9cb42f0621e45bf9f6da01ee5abf9bd75fbd6a52cb16c2801b562d82070ec36825a9aa9334f3e472e40b7efd4a92244927e26fca4d2c8a0388db818e64d8731c02b964b0397172d25e506bc79ba98e0c3f3fb65ae1a4950bc1b303ab20386658fb7101d691f28738a5328823a15bd006a3837cecb6a778d1f9cb98db35b9a1dc2b7adaf8d40be6f18e5bf6929c7c68f98634e3c47920b0fa4a9224493a81199c5ce8542242a015a256a04812e0e49393f7c8411841589cb9153b413c899ca69c845631b5f0aad67af8dcc58ffb3305c19193115bb8e9d1eddcf6e40e7ef89a55849378f49a0b035e79f642debe65179fd95c4e3eae9266963009b0244992243dd70c1e7ea4d31254939957418567dae9c23c846d4027042dc94ca69978239f0472c70e737fdebfd7e663c555929300a3dabf4ff4ec5b1c1ebda5298e61743809d2862bfcebf79f64f7e1e1492fb7a8b395f75e751e148edc4749338ae730489224492735434b6f743a82388260a836eb29065a212e4054abc422022ab58aa499f6ac7fed915e1c4025a8cdbe3aa645f0d81158cf04779524b0227aeeeba0d636787ce5559a8f286328d406bbb774f3f575fbb8f9e16dfce4cb2e209844155610045cbcb0870f5edcc66f3d3446d24a2869c6884b40ec1077499224e9040cb09a5a15280115084b24a14ca5760a5eae166495676eb5ce9100aa1a421827f7e799b0aaf6ba635f16c7908f8e5be4791e2506c79f68586fb57d560268e986b13e3e75d75a5e75d97296cded9cd48a6d851c6fbbe46c7eebc9b5508ab0c8529a21e208e23271da87494892244933948f6e9b5d9c834a3b54bb6a2d71a3c01004a3109493fc260c66f02d4c62d85c90fc99affd19d6eed7b12fcb05475e71e2dbb3da06e36306bca7240892f02d688552088576beb77637373fb4996a34f907b167f6b673e34b1625274d4a9a198210c236462a0658335d6408294992940a2bb09a5e0ee296da2dae0d3eaf2641cd4c3e7d109edbed775a2d3719ca6ce318ca65686d8728865c07948afcf3f71ee6c56b96b17ac9dc492ffde2b31642d72118b417499a3182909463734d50358ad9315062c76089ed8365b60c96d83a5466d368959b472b305a49aa5dc7abb5137e8f530c9327537201e44368cdf1d28e3c2b5b732c6bcbb3a42dcfc2b63c2b7a8a2ceb6c6151679e5ce8f76c4992a41399e1098634d385490b67b59a5463b5cde1dea736f3e57bd6f3cbafbd92b6e2e4be44e7b41579e2875772e1e736d4aaca7c4024cd04198ad8679df14ac4ba83633cb46f94dbf68ef0b1036370602c798261b24ac74592fd700bc9ed84c200ba8bbc6a6e0b2f5dd0ca15f35b397f5e1b67f614277542ad2449523331c0921a25a036c4bd04853c542a906b85f639fccb1d6b79c985cbb9e69c25935efefcf95d7ce9150b78d3ffec00da30c492a4a3e2181edf3fc22ddb87f897ed433cbe73f8c45554d3298aa16f9c9bfbc6b979d3c0d19717422e5ad2ce4f2eede045cb3ab864613b6d05e34e499234bb1860490d13930cd52709b008617c14f2dd6cd8b59f2fdff314179d399ff6d6c2a4560f0378c9590bf8a5b377f18f1bca1016ebb979499a71aa51ccfdbb87f9dc863efe66fd008c541abda5d3538e787cdb10efdb3694fc7f18b07c693bbf7156173f785637abe7b636767f922449d3c000ab895522a7a9645b9c7c054601942b906f05a2daa189ad7cf08ea7b9e1e215bcfcd2b3277d85b9ed2dfcfc55e7f28f5bd72787524ad22cb4a56f9c4fad3dc4ef3f791886674868f57ca2986d3b86f9951dc370fb1ee829f2ff5675f396d53d5cbab8c37a5b4992d4940cb09a58e0bc8cec3b325b25ae42b50c410e2842b117f66ce373b7ade5cad5cbe8e96899f425ce5fd803dd1d70a8ec407749b3461cc3eddb07f9f587f673dfd6a1466f275dfd25deffe001deffe001e829f2a1357378cbb97358de63e5ad24496a1e0e506862911558191770742e550c7125f933024a01f42ee35fefddc8f71edb3aa563d90b61c0e1b79e03ed4112944952138b63f8fa863ec2cface3faaf6c6efef0ea78fd257efdaebdacf8f7a778e14d9bf9ded601aa5319442f4992941106584d6c0a9987a64d58cbb0aa49b814d542ac3807951c445d7cf83b0fb3f3d0d41e80f5b61678ecf52ba050ae056592d47c6edb3648f8d9a7f9a16f6c8343e38dde4ec3ddb9659097dfb885fc279f62bcea935a9224696633c0921a2684202449b022a00471adcd2f9787720cc56ebefdf47ebe74c75ac62b537bf071c1826e3efba2f9108fd663f39294195bfac679d14d9bb9fe2b9be1c058a3b7933d6d795a72feca27499266367f9b911a29086b73a96288aa497554b592ccc2cab7c35019aa39feeef62759bb7dff942e950b035e73ee99fcdcea165b092535854a35e6ef1fd8c7cacf3ccd1d5b061bbd9dccfab3155d8dde822449d2941960490d1527a70e3e6b16560c7104851ce47310b4b369db201ffbde138c96a6d6fed7d35ae097ae5c9dac2b29736cf23a7d5bfac6297c6923efbd630f54ed997f3eaf5cded9e82d4892244d990196d4301144512dc0ca415084a0006170f454c27c01820ec82fe01feedec1ad6b774e79b6d9858b7a604ec15642297302de7a675fa33731237c75fd6156fec77ad83dd2e8ad645f21e4d2451d8dde852449d2941960490d1591245841ad9db036d43d886baf0b803c846d309ce7afbef100db0e0c4ce98ab930e0d08fac829e56881d722c654770ea3799e5aa51ccefdcbe8bd77f733b4c712ee06cf1dae59d14737e6e4992a499cf004b9a2982809b1fdbc297ef5a4b658aa749cd692bb2eef5aba135701e96a41961a45ce5b5dfd8ca071e3cd0e8adcc286f3bcbf9579224a93918604933459087a88dffeffb4ff0d8d67d535eee9c391ddcf2eae5908fa9f5314a5226f58d55e8f8ca666ede34b50ad4d9e8fa6506589224a93918604933460e72ddecde5be263df7b9cfe91a9b5ff0501bce0ccf9fcfd559d107becbca46cea1bab30e7c6cdcebb9a8c9e2267f6161bbd0b4992a4ba30c092668a2007b90ec8f7f28fb7afe3cbf76c98722b614b2ee4c72e5a01ddad1095ebb45149aa8fe15295395fdd027b3d746232de67fba024496a220658d28c1142ae08411b8ce6f9dd6f3fc2ba5d87a6bceafc8e161e7fdd4a28da4628293bca51ccabbfb5cdcaab2978ed0a032c4992d43c0cb0a4992208a05a85911168ed62e7f63efeed7b8f303a3ef5caa90b1674416f27308ef3b02465c1ffbb7d17776c196cf43666ae00ae59dad1e85d489224d58d01963453c451f215dbd101953cc4edfce5dddbf9ce633b88a798398541c0e85bcfe11fafed81d8561d498df5a57587f88b870f367a1b33da9a333ae928e61abd0d4992a4ba31c092668a3882a892ccc22a034107f457f8bdafdecf96fd533f99abb590e37f3d330fcb104b6a942068f40e1a6bd3e171defc9d5d8ddec68cf74b2b3a1bbd054992a4ba32c092668a20865c0c63c3d0d60ef93668ede5e1f57bf8f75b9e60646ceaad84f33a5a78f28757415ba10e1b96a489a94631abfe673b54a6764085e025cb9d7f2549929a8b019634630449884594ccc2cab743298662177ff49d87b873ddceba5ce5fcf95d30b7ab762d499a3e1f7bf48043dbeba12dc705f35a1bbd0b4992a4ba32c092668c00aa21e45b2088a034087100513bf407fcd9d7ee67f3bea9b7120640e5cdab615e11e252d2ba284929db3b54e6e7efdadbe86d34859f3cab8b70b6f7a24a92a4a6638025cd24417874404e540542884228cee17bebfaf8f0b71eac4b2b612e0ce87bd36afef0d20ea80c1b62494addefdeb307ca7eafa9871f5961fba024496a3e0658d24c1293545dc5401c429c83380fd53cc479fef2f627f9de13dba77c2a21404f6b81775fb9929f3aa760802529551b0e8df1d1270f377a1b4de3079639c05d9224351f032c692639125e11267f0f020873c9c984510186437eefcbb7f3e48e0375b9dcd2ae567ef307d6402e5f97f524e9447effbebdb5ef6d9ab2856dcceff0200e4992d47c7c542acd28b5f6c12325567100e4a1d80a9518aa551eda70880ffff743bcffc7afa7b7a365ca573c775e077417a07feaad899274bcdd83253efb747fa3b771fa5a735cbda88d97cf69e1dc9e1616b6e758d05ea0980b28e4028220a0548918ad4454aa3183e588d172c4f6e1325b87ca3c3d54e19b4365e81b8752fdab5bff7485d5579224a93919604933cd912a85a0f69f0818ab42d71ce82b41610e1fbe733dd79ebd889f78d9c5531ee41b0601b41792eb1d1e4baabd24a94e3efef8c16c575f0570cd8a2edebbaa9beb9676b2b2b7857acc478f813d8325361c1ee7a94363dc73608c8fed1c86fed294d6bd61b9f3af2449527332c092669c3839853006089240290e60b40c2d1d10e5a114f0ae1b1f64f5d2795c77deb2293fd88adfba9aa1b1125d9f7f1a0e8e4158acc71d9134cb55a398df7d22a3b3af5a737ce8f2f9bcfd82392ceaacfff7bc0058d25564495791172fefe2ddc047494e637c78ef30dfdb39cc9f6f1e9c58a0950fb96c7147ddf72a49929405cec092669418825a804505822a84d5248a0e42088a10e62168810325fef42bf7b2795f7d5a733a5b8b1c7cf339d05320dbe51292668a3b770cc248a5d1db78b600fef8ea050cbeeb7cfecfd58b5209af9ecfa2ce02af5ed5cb07af5f46fcaef3d9f08e73f9c8f54be85c76ea60ea35cb3b29e6ea501e26499294410658d28c121d77ab85584104619c7c450721c990f702df7c6c1bfff2df0f303436b5969423e6b6b7b0f9475683f38125d5c17f6d1c68f4169eada7c8133f760ebf77dd123a5bb2d12ebd6a4e2b3f77d90206dfbc8aedef3a9fbf7be1629873e2f986ff6b85ed839224a979196049334910930457b5caabb002949397c755886b038103926aac601e7f7ec726be7eff46a2b83e555367f576407b4b129849d2244571cc3f6cc8d0f0f6456d1cfad1d5ac59d0d6e89d9cd4193d457ee5ca8544ef388f7bdf72366f3faf07c2a315572f39d301ee9224a97919604933cd91102b2e03d5a4028b1250495e0eb500ab00e556182af0feafdecbe35bf7d56d0b95779c07bd533fe150d2ecb5fed0188c561bbd8dc4dc160ebf612573da66c668d000b87a69279f7ef50af6fed4f9fcd9350b61612b67f97d5992243531032c69260a020873d4922a8eb614c6c92d0e9300abd80ed5228f3dbd87bff9fa7dec393c5c97cbe7c280dfbd701e74cd8c077b92b2e7ae9df5f97e3465f9804d3f7416bdad33f3fbd9c28e02bffd82c554ffd7398dde8a244952aa0cb0a499240e803cc42d10b743dc061492c02a8a21aad6e6abe792902b57816a15bacee013776ce66fbff93083a3f59987f527972f80b1087a7310d7674d49b3c7f7f68c347a0b00fced358b58d904954be1548f9b952449ca38032c69460992b08adcd15b1cd682ade3de8e18a232747541d4022d4bf8e0b79fe01b0fd46f1e56fc8b1771e8ade7406f2b9e4c2869223eb96fb4d15b8062c8cf5c32afd1bb902449d26930c0929a55104290875225c996726d506ae1f76eba97c7b7d46f1ed69cb622bbdeb40adae3a343e425e97954aa311c1a6ff436f895f37be92866e3b4414992243d3f032ca959c540a50ab91668ed82f17168ed66fde63e7ee73fbfcff603f53bbe7e49571bebde7c2e1463881affa05452b6ed18cc46dbf11b5674357a0b9224493a4d065852332b1492d958a325c8b74139868e057cfda11dfcf3d7efa9db3c2c80737adbb8e78796434b0c71464e169394497b86ca8dde0200e7cf6b6bf416244992749a66e6913b924e4fa50a41115a8a502e41be1d2a11049dfcd91d9b386bf13c7ef2159751c84f3dcb0e82802b97cde5f6d75679d137b743c9b61c49277670acd2e82d0030a7cdef5352b3ab46319bfbc679eae0288f1d1ce7a98112770c95d93850865215ca11546b733c0b21e4432886d099e7a7bb8bace96961654f81f3e7b6b16a6e0b2d399fff6f9418d8375466fb60892d7de3ec1c2eb365b8ccbac10ab78d57191aadc078ed635a3ac1588b0068c925b7d61cd7b4e5b9b03dc7aa8e024b3b0a9cd55de4ccee22cbba8ab41566d7c779ac12b1e1f0185bfb4bec1a2ab369b0ccdaa112370e57927fcb72ed16c5c9ff176bff3e2db59fa36d396e682fb0a22dc719ad799676e459de5d64457791a55d45ba5bfc79abfa30c0929a5a0ee2182a150872c94ffeb0082d3d3074989ffbf23dac5838871b2e5b493d0eb0ca8501d72d5f001d87a0320e91a762497aaec363d9a8d2cc79729fd494361d1ee73b5b07f88f1d43dcb27d3879e07d3a8e3c481f05fa4b7c7ce771a7a58601e72c6be797ceece455677573fefc36fc2e928e288e597f689cc7f68d70cfbe51fef2c028ec1d4b9e889dac1818ab26b77eb897e47642dd055ebba08d972f68e39205ad5cbeb09df91d85c95f3b436260d3e1316edb3ec4adfb46f8c4be31383836b1f3988efc1c3ff2673f7c9be7399ca525c7e58bdb78c3fc362e5fd0ca9af96d9c3da7c513743561065852d30a4952a9088893bfc7412dc82a40b107060ef31bfff93d3e35a79d4bce5a549fab0601a5b79f47f1136b61381b551692b265a0948d006bb81cd152870ad466f43bb7efe2030f1e68f4369e65fd4f9ccbeab9ad8ddec609fdfaf777f2578f1c6cf43612735b887fe2bc09bf5bf0ef4f41ff34cea79bd342fc8e89eff364760f96f8fcba3e7ef5e93e383056b7759f258a59bf7d985fdb3e0c77ee85ee221fba700e3f76de5c96763747b8d1485bfac6f9deb641beb46388af6d1f4eaaa91a65a0cc3706ca7c63e33133637b8afcccb20e5ebfbc93179ed1c9bcf699f3311f2957b975db205fdb3ac43f6e1e98fedfd1c7ab3cb4758887b60e1d7d594b8ed72cebe04d677672ddb20ed6cc6babcb13ea6a6e065852d38a39fab46054bb05400ec8439887a0caa3dbfaf9c3cf7d9fbf7df76b38735e7d061a17c280f19f3c9f964f3c95ccdf8a484e4594248e76eb34dab6fe71e6b6f9abd089fcf49ab9990bb06ede3290d900ebafb60d9dfa8da6c9df5d306772efd89a83fefaeee5790dd66716de7dbb86f8e3870ff0b58d0313ab20a9878112bf7ed75e7efdeebdbc6175377f76d522d62c70b6de443cb97f942f6ee8e3f7d7f7435f360ef838a9fe121feb2ff1b1270f27ffbfb88d0f9fd3cb1b56f56632c08c63b877d7101f7ee2109fdc3030b5eab5348c57f9e6a601beb9a9161276e4f9b5d5ddbc696537d72deb229f33cdd273f95b9bd4b4825a6814415c86a042726e43117245285720df0d618e2fdfbb9533e6ddc39fbefd7abadb8b75b97a311732fe53e7f3b5753b79f3777741a59084669294110fec1be5b2c51d8dde4626ad9edbcab2651decdc39dce8ad3ce397360ff09e2b16367a1bcf7160b80c87b37302ef9bcee99ddc3b4ef783c54ac4d07895ce49cec6b96fd7106fb97b2fdb7664e07334861bd70f70e3fa015ebbaa9b7f7ce112ceea6d69f4ae326bdf7099ff7cea30ef7df270a6be76266ccf28efd933ca7b6edbcdd02f5c4847311b739e46cb115f7aba8f9f78605ff643c1630d57f89b470ef1378f1c82d61cbf75c11cde71fe1c43613d8b251152330bc25a155615aa1588ca40057285640e56b5087117cc5fcedfdff9149ffdfea3753d99b0980b79dd79cbf8ecf58b20978d9621498d979516815f5b3f9de52633cf3f5d32b7d15b78b69d23ec1fc9c60996c7ba6f770602949ace651d2ceb9edc1351d734e0c1f781d189b731ed1c28f1866f6ce19a2f6cca4678759c6f6c1c60e5a79fe6cfeedec378d62a5e1aecfeddc3fce8b7b6b2e8e36b79ef1d7b66767875ac392d9908afc62b111f7de400edfffe143ff19d1d332bbc3ade58950f3e74800b3fbb9ee08b1bb879533fd52823e5db6a28032ca959050071523f1c04476760c52443dda318c2025462180f206ee717be7437df7a786b5d7f40b4e4425e7ffe1930a7b36e6b4a9ad9e6b564a31a7368e7300fedc9de03e0ac78d5ca9ea4ad2c436edd36d8e82d3cc7ff64a84aed9fceeb9df4fb2ecc4f7fb2bc6ff8f403c96a14f39187f673c6a7d671d3868153bf43234531ffefde7db47e6e3deb0ea6348f6b868881ef6d1da0eb8b1bb9faf31bf9fcd3fdd3dfea99b29f59d2ded0ebc7c03737f4d1fae975bcfbfbbb60a4c966d0ee1ce1d55fdbca77b766fceb5ed3c2004b6a5671045135f9a916e7216885b00508212a41750882310863880ac05c189bc78f7ee13eee7a6a475db7d25ecc33fca3e740670ea22679b64dd2a4cd69cdceaf1f3f7cc71ea2b8c91e4dd5494b3ee4f72f9ce43ca594fcdba6ec3d80c9ccfcab005ebbaa67d2efded1807933fb4fb3026bd74099fc9737f20bb7edcece10bdd371689cf33fb79e2fac3dd4e89d34c4bd3b87083fbf8197dfb885a10c05bdf576fde2c605583b074abcf4a6cdbcf61bdb60207b15aaf574a52dffc2004b6a72b51308094986b7e76a7f8f21ae2437e2a4d530ce414b2f6c1be0ff7dfe0e1edebcb7ae3b692fe6e97bdbb930b703b09d509acd1665e828f29d3b87f9c707f7377a1b99f5ae35f31abd8567f9da9641c632d49695a5f95737acec9ed2a1048b1ad002b56be8d40fb86fdd3ac0b2cf3e0d3b47a6614729a8c6bcf5db3bf8c33b77375be1d1496def2bf1aaaf6de1da2f6e82dd33f4e33601972f6ccc8ca62fad3bc419fff134b76ec95e656add2d6cf3d015010658928e8823288d41572fb73eb98b0ffcd72d6c3f50df1f883dad05867eec5c6829d074f5e3924edb92ceec045800efbd630f5f5b7fb8d1dbc8a4b3e7b470ce99197ad6bb1273f7ce8c543c91adf957bf72dee4abaf00da1a5081b5ed142d841f7de4002fb9710b8ccffc27befee8fefdfcc277b63775c567a91af3a17bf7b2fc33ebf87606ab255311069c3b6f7a4f471daf44fce277b6f3e6ffde01a5ec04fa69fafd2cfd1c52431960494ac455a89460a404851efeebf1037cf02bf770a07fb4ae97e928e619fcc9f3a125872196343b2dea2842f1ff6fefbee3233bcbbbff7fce54f5b2bdf7f5eeba771b0c06630c98966030bd0512f2244f4248a325cf934042803c905f80142094846e08c504b0312ee0868d7bf77a7bef45d2aa4d3bbf3fce6877bd78cd7a57d2b9257ddeaf972c592bcddc9a9166e67ccf755d77582f415e71ed26ae7a7462b6f9fc269f3c35ac61eedf5b17ce817130f3af72195e30bfed842ea22937fa7f93eb7b9fba8530063e78ebd6649ecf38f2f947f6f107376e1e9721d6e3bbfb295eb58abfb863c7d86af33c51331a296647ef6f676f7f85861face5b38f4cac932e97ce7196ae1261bd7a9494a238e930cc15a0dc08f999fcdbcd1bf8d4750f0cebce84002dc51c5d6f5f560fb1244d345104b343db163b86d75fbf990fdcb285d2443af83a06a10d73ffccea6e4239fe0f65fed5db97b69df02e68ed2984cabf7c8a16c238863fbc61131fbd77f7a8af67347cfe917dfcfd2fb7a7bd8c6113c7f0b9fb76b1e25bab61f7c41b58fffee9a337ff6a4b7789c9df590d5bc77f5be6934470b6f3af54678025e9905a152a40a1036887da24fefedac7f9d28d0fd35f1ade1d4dda8af9e428b6c9872169227a57cabb361dcdc7eedb43f13bab797cf7f0569f8e65c10d73efabf0f0aef40fe0429a7ff53b27759cf0651446b18a64c89a9e270758439557e3bdbae46feede352e06bbef1fa8f0e21faf4f86eb0fe30ed663c9b3a68fcec9982ddd25e67c6f0dec1fde93ca63c2cc265a3ce9ad3a8f1c25252292402993874c016a45c8b543a991f7fce8575cfdcbc7a95487b7cf3e7ed72974bd6539b466210ee32040d2e878eeec80cfa6eeec67c53757f137b76da57b1cccde190ea10d73bf3680a1c5c1ccbf6ac8f2ec39ad277c31adf9140e0b8ea8c0faec7dbbf8d87de3b3f2ea4857deb8654c07e5ebf70fd279d5ea8933ebea284e9f36f22763f6f6959973f5ba71bfcbe0d17c7caeed833ac4004b525d046420ca72a837230b5123ecadf1c7dfba899b1e583bec6d1b6dc51c5d6f5c06ed8d509b984fccd24474c1ac66c88cfed0e86316c387efd94dfb7f3dce971fdccde03007f8634d68c3dcdfbbba2bed250433ffea2f9777901b8601ec8db914fe1eab31fb07920aef1bd777f187b76c1bfd35a4a51ab3e2da8d41edaa79aceedc72808557ad86ae09580d74b86296f9edc511bd8ac14a8dc9d76c08a6da330dcf73fe950e638025a92e8228573fa0ac415c82b8026421d7c6ee3d31efffe6cfb96be5861109b1f6bd7e194c6b22e9619434de35e5b35cb6e0c4ab4646dc409577fc7c2b0dffb592af3cbc87fef2d83bd81c2e410d73df3dc096ee740f9e43997ff58661681f0428a4b00b21c09efe0a5bba4b5c7aeda654ae3f557b07f9c89d636b1ed60debbab8f007ebc6c5ce9027eae2994d4423fc67f3de5bb6c296f45ba653938d387314e78c297c065892ea3249eb6094014a101f805a2fc435c836417e12f76e1ce477be7c2377af1afe5d813a1af2f45d79124c694cae5fd2b8f74727b5a7bd846377a0ccdb6edc42d37f3ec6a7eedec1debe8957311ada30f71b36a6d74618ccfcabb63c674e1f9ecab8f6131c027fbcd6ef1fe4d9d76f82d2c40c87fffededdacdc33365a09af5db39f17fe68c3c4da65f069bc72c6c8062b3f5ebd9f4f3f34f667a59d88336637534c61875485cbdf06497599a4022bca24d557b5fe642e55ad0271010a53a0309947b70cf2beab6ee781753b867d058df92c7daf3d09a635632596949e4ab5362adbbc5fb6b01d52d8f9ec84f45779cfed3b98fce5c779c7f51b7970c7c439331eda30f77f4d71f64e28f3af3ebaa273d82a40b229b5f4bef07f36b0717318b7672a6278d92fb6127a24f4d3b55d5cfe938d04bfd05174de080e70dfd557e6e5376e19b1cb1f2bdee9fc2b1d618cbd6a943462a283ff81a806d4802a1043b60051116a0d103571d303ebf9bfdfff15eb76ec1ff66534e6b2f4be7a29748eceae2e929e2c8e61a05ca1320a3b4a35e633bcff9480dad29e896acc971fddcf1957ad26faf62abebf722f83637096cd3315d230f75f6d3c90da90fd50e65fbd6669c7b05d56531a43dc05c09acdbdfc6243b8c3d06fdfdcc34bae31bc3ad2295347eeb5eafb6edf0603b6695eecfc2b1dc1672a4989b8067119e22a90834c316929cc66a03608955ec84610354371363fbc7f271ff8fa2f4624c46acae7187ce33268c941b60c355b0aa5d154a9d6466d4bf43f3a63cac1ec7cccdadecf153fdd4cc3971ee383b76e65e59e81b4573462821ae65e8bb97d733a6d8441ccbf9ad2c092490d69af42c3e4925fee08321f5abd77808b6c1bfc756d792637e547e4a21fd8d1c7971fdd3f22973da6e4339c3c8221a1c626032c4987c43592d36b19205b7fab0f7567e82c502e998915b772d5af36f3a1fffe251b770fff59c3423643e9ed2bb8e9a573a05849da1a258db89898be5285527574cefcce6e2bf00701b5a59d90812a1fbd7737cbbffe04d17756f3cd47f672601c0e3a0e6998fb5529b4118632ffeab32b86f7ef269fd21077d5edece7f64de9cd757b2a7bfb2b2cbd7add849d4ff674de3473e4e65fbdebcee11fd331165d36b7857cc8bb152b150658928e4f9487c264feebe6b5fced777ec9f6fdc33f07269f8978eefc69dcfd8aa550f0094c1a0d1111fd7d030c0c8e5e68fcd7e7ce482a3cc7936d7dbcf186cdb47ef1517eef864ddcbdad37c8ea8ae311d230f7ff5cdb437994aa05878432ffea954b8677138486ac870569fbe07dbbd35ec241d55acc4baedb083d136fc38a63f18219235389fad0ce3e7eb53eac20332daf75fe959e82cf54928e4f9c8552231466f2e55bd6f2c91fdcc1eeeee10fb1b2998873e64ce6c1572f85ec7839fc93c21545d0b57f377dbda3d72235ab2dcf27ce9b366ad737aa2a315f78641fe77d670d99aface4dfefdb9554f08c61410d731fac72fff6d10d9442987fb5746e33335b0b692f43c3ece6f53d6cec0aa3e2fc9377ede0ae0d01b4ca06eaac111ae0fe4f0f841362fe9a5c042d79985484198dc9fbb6c2889dd078ee9c40dad515945cda0b90344645192816a13208d9c97ce2864780980fbcfa2226b50eff4c8ed3a6b541354aba1ac75f478e1494288ea98d7255cb1f9d3d95bf787c1fec0fe3e06d44ec1fe40f6fd9c61fdeba8d572e6ee383674ce1fcd92d637204d8db4e9ecc87ef09e340eb47ebba396fd6e89da90f61fed5df2d1bfe00d10aac305cb5721f7f79fef454d770fff65edef7ab9da9ae2168112c9f3cfc0156d74085ff7ca26bd82ff7b8b517f8fb93da79f6ac664eea6c60666b9ecc51b63d2d556376f494d972a0c49aae417eb9a39f7fddd90fbb078e6fa6664396a5cef8d35330c092747ce24a32d03317412503c5e97ce2a627c8371479efcbcfa5a365f89f74e2779f4ef4df6b605f1ff4958108a230da58a4f1a4fb402fc586d17de158cc65b8f7457339fb3b6bc6ff4e5731fc7075373f5cdd0d531af8efb3a7f0f2a51d14c750803034cc7dd5a6f4ab913ebcba9b0f5d346b54ae2b88f9579988172f6a1bf68bcdf9741a84f73eb68fbf387f7a6ac1765fb9ca593fdd34fe1f874fc4d4461a4760d7ce9fadeb0e6358fe8c466e79d60c2e9ad3ca51f2aa5f53c846cced2830b7a3c085735a78d329f02fc040a5c6fddbfbb869f3013eb8b107b6f71fd3e55d39afe5a861992636032c49c727aa02bd40168a8564c7c268121fbd6125994c963fbbfc4c26b50effd9a9f8358be91eacf0df8f6ce49db7ef826ac1104b1a66a552956a65f44b1dcf9ad1cc272f9cce9fff72020db0dd3dc06baedb0cb76ce7d3674fe11da74da6b930361ed33e79ea245e19408045578935fb0658dc39f2a16b08f3af5ebab0958e065fc28f5b5d251eddddcf2953d2d97ded1fefda0981b4311e976c049d455ede51e0d4d6022db988b64296866cc4403d1c2a5563760f56d8395065fd608d1bbb4b49f56fe5d886d5ffd9080d70ff8f35a3bf29c5913e7ac134fef2bce9648769787a432ec385735ab8704e0b1fb87006db7a4a5cb7be87ffbb6a3f1b371ffdf1f4b79c7fa5a3f0d94fd2718a211e845a16b259200f5123d4327ce4da87892a35fef415678f4888d556ccf1c6d3e733b5a9c82bafdf916c922869d8c4714c9cd249e03f39671adfddd6c7ed136d886d7f8577dfb69d77dfb38b4f9f33754c0459c930f7ad30907e5ff775eb7bf8835108b042987ff5c7cb3b46e4729bf261ffbe1d937c06da0bb414b3ccccc0aa520d7a2b70606ccd9dfbe9baee5402ac557b06f8d03dbb46fd7a4f4821c39b16b672f99c16ce9fd1cce249c5e3aedcd9d55766fdfe411edd33c8cddb7bf9d2963ee8fef530efd92330ffaa548db96e63bacf7bfffcece9fcc9b923dbbe3ab3b5c0db4e9bccdb4e9bcce6ae12df5cb98ff73ebcf7d7fe469f3ddb004b4f2d8ae3b45ea26aa4fde08ec778d567ae03e641a615320390390071156a0588eb2ff4228ffe753c2a50e94d6652e5f3902992fc4f0cd541887bf88b172ce183575c48e708b41302946b350a9f7fd4ed9d357e3465a9bdf394632ed91f295fbffa5a16cc99cd45e79c96caf5770d54e8f8ce9af45bb5d2d490e573e74fe36da74d0ebab5f06f6edb1ac42cac96d9cdf4bc7af1885f4ff4d595e9fe5e1632f4bdf3e411695fea2d5569f9ec23c37eb9232a9fe11d4bdab862611b674f6f3aea60fbbe7295557b07b971530f7ff6f87ed81bf863cb8c46e2d72e1df5ab3ded076b793880196fc7e2f2456dbce7e44e9e3bb77544fe1e866cda5fe2179b7bf8f0aafd075ba657bdf924960cf37ca60776f471e655ab87f5329f89d9b39bd974c5e2545e7f946b31d7adede2e5f7ee4a5a0c9b73d4de79f2989c0fa991670596a4e394855c2b5083b80cb5723d0ccd42257952ffc4f54f90cf65f8d3979dc7d4f6e13f5b95cf6492f0aaa300fd03d05f854c163758954e4c6fef0083a54a6ad7dfde9063d32b1732f73baba12fbd75a46aa0caefdfbc8ddf7f600fd75d3c93172e6c0ff2c57c28c3dc0f6ce9656f5f99494df911bb8e10e65ffdeed2f6113d581f331ab2fcc705d379edf24eda8abfb972ac299fe58ce94d9c31bd89f79c3b9dbbb61ce0825f6e87adc3bf7bf2b0d8d14fd74085f6516c15bd794377f8e15504ffebe44efef2ec692cea2c8eca55ceed28f0e68ec9bcf9d4c96ceb29f1ad95fb58d831fcd77dffce639b0d3552be75feb4d44e9ee533112f5bd2416d4907b76ce8e691bd83413edf290c3e034a3a4e3988da216a856a1eca8350ea854a091a1aa0d00ab54e3e7aed63fce3d577b2ab6b649e98e3779f4ef52dcb78e2354b78fbc9c5a4c2d0c9a3d2718b09a32b774e7b81c75fb5088ee1e0745ceb2af1a2ffd9c0b2efaf61ddfef0aa468686b987e0e723dc7e13c2fcabb79fd491f61252f7eed326d1f5b6e5fcee19538e29bc3a52049c3fbb85daab97f05f2f989dcc4c0a4d0cf76e1fbd702d8ee179b76d1fb5eb3b1eb36737f3f81b97f2ef97ce1db5f0ea48335b0bfce9b9c3371fea70f7ec4931c0ca455c388a3bb91e4d045c3cbf8d3f386b6ada4b51c00cb0241da72c4479200f7126d935a55a856a054a65a008b50688daf9c44f57f28f57dfcdcefd23f3622c13452c9ddcc2df5db084f79fd60894ea4196a467aa56834a3584080b964d6ee0e1571b6201acdad4cba2af3fc167eed949f978b6241f419f3c7552da4b00e0bfd68eec00e4d4e75f35e5b87022cf85c965f8c94be7f1a94be61c577075a42882b79e3a99fb5fb338c8c7983b778c5e80f5b3755db07b60d4aeef19c9467cf505b3d974c562964d4e67b0fd68b835cdc1f9931ac88518e44a4fc1004bd271aa40ad17e2fee45560b62599b5163540ad0ae5bea449392e029d7ce2a6d5fcc37fdfcab6bd23579e3ea7bd81bfbc70319f7df614c85492b64649cf48a556a392c20e844773ca9446d6bc7609b48c5c6bd898518d79f76ddb297c7b35abf68473b0990c734f3f00f8e1fa030c1ee32e62c7e39f526eaffac0f28e11a9fc18138a59ee7ff5222e5fd231ec177dc6f4a62428cf857558f4a31da3539113032f0e75707b7b81475fb784379f3a39f5d99023edbeeef45eb3ce2b84f5bb2f3d1d7f5b251da71a3008948108a21c640ac9fb68e8df6b4006b2452837f0a99b1ee243dfba89cd7b46aecd63525391b79c318f1f5c363bd98d289ea0f373a4e334582ad3dd374014d0d1c2a2ce225baf5c0c53467e97b93161673f277d6b15df7a746fda2b01a098cbf0b7a704508555a971e79691099942987ff58689da3e988db8f7950b38637ad3885dc529531ab9fa85b347ecf28fc76da3d44278dfb65ed816e02cb0594dec7bdd1256a4b01b632a7ad30bb0361ef0b5b2c60e032c49a3a4004ce573776ee583dfb8990dbbba46ec9a9af2595eb67406775db108f2592bb1a4676070a09f9efdfb820ab020993dd277e5125eb7ac3deda584a11af386eb37f396eb36d25b4abf62ee6d210458c0f7d68d4c1b61eaf3afda0b9c3a6de4021c20d80a97ef5f3687b3668efc9cb5579ed419d6e3cb40955d7d23fffae51f1f4c7f138623cd9eddcc81572ea4631487d8a72ecd1db5f70fb2e380af9535361860491a1d510364670033f8ea1d1b79ff576e64d5d63d237675b96c867367b6b3f60d4ba02d6f2596748c0ef40fb2b7fb0099005f2134e6337cf3c5f3f9ec7367e2164589af3dbe9f96ff5ec3d614db4f0016741439635efaf3993eb5a69b78044684a53dffea9327778ef8af7c533efd36d023fdcec91dfcf6499da3767d9fba6826e4c27970d934c27391f6f495b96ad5c8ce8e7bc6a634f0f0cbe6d35c08eff7713cfbd2c323f79a5c1a4e01be3c95342e4579c83741dc00f124be75c71a3ef895eb7874c38e11bdda859dcd6c7bed49d05c84c8104bfa4d0ef4f4b07bf76ef2b9300f1e22e0f7cf9acabdaf590ced85b4971386dd03ccfef62a1ed99dee36ec1f0961987b6f8587770d7f3b54daf3afae58da91eaf5a7a221cb3f3d67d6a85ee5f49602ef0be1f7b86e43f7c8b6adfe70751784b4294431cba6972d9858955781f8e0ddbbb837ed4a53e9181860491a2555285720db00f946689ece7fff6a1deff9ca4ddcb37a3bd5117c0135a3a581deb72e83c94d902f412dc59d5ea4c0f50d0c52cbe6696c1cf9969d1371d6cc667adfb894779f16cec166aafa2a9cfa9d35a91e805cb6b01d1ad30f3eaf5b3fbc7316539f7f35a391051dc5f4ae3f255fb8707a2a41c61f9e3175d4aff368d6f78c6c65e53b1edf37a297ff4cfde8d2d9cc99a82726f2291f96d762cef9e17aeeda9a6e582ffd2606589246490518845a1f445520074dd3f9d9e3fb78f3976ee0a70faca7521db9feffa6428eea1b9673c72b16425304b57076f09242d2d53b487b439e42406d3447d394cff2a94be670f36f2fb01a0ba05ce39c1fac4b2dc42a64233e14c02cacbf583bbc3316d39e7ff585e5a3d742178c629637ae48e777695e7b81d9b3c308f0d78e6080b5b9ab04dbd3adda3cdc9b9777f0b211d86572cc680ca0ea6cb0caf9df5dcb67eed949a51a50659e7418032c49a3a40a712fd0035139d9b1b0d80685493cbeaa97977ded36aebaf57106ca23378c3813c179b327b3feb52743db04d9d5467a06cab598b53bf6d157a9910d75a2f35378eebc3606de74129f7cd674c88e9d758f887a8835126d74c7e2ad27a71f60b17360586782a53aff2a82572c0e68b0f828f99bd326d1986245ca4702d9f171ed080e71ffd98680665f15327cea3933d35e45aa4e0ee5244c0cefbe6d3bf9ab5671cbc66e8cb1141a032c49a3a406d120504e2ab0321150045aa06906eccaf2e66ffc92afdef430070646aec52f13c1fc8e4668698062063255a8391b4b02a894caacd9b48d52ae917c716cb52c157319feecbce96c7ecb32ae3c69e21df03f49b9c6693f589754588cb25086b95fbf71f80eced39c7f75debc16a635e753bbfeb4bc35a5eaab21cf9d93feef30c04ffa47eea4de674668c7cee3f1a973a731a969e2fd9e1feed2ce4002ac21bb07b8f807ebc97c7b153f5db37f44477d48cf840196a45112419403f250cb4315a84550cb425c80a819fa0abceb3b77f0efd7decb9eee91ad1e885fbb94d2ef9dccf5af9c9fb414567b204e710b632900bd8325d66cd9416b4b138dc5c05e4c1fa3d96d05befd92f93cf286a59cbfa035ede5a4a7bfcadc1fafa7b7347207c04713c230f7cfad1d9e83f3b4e75fbd6f59476ad79d9a698d2cea4c37405fd45984a6005abafa46e6ef77b052e3becd810cec6eccf27b674c497b15a97bcef4403b03b6f7f3921f6f24f7b5957ce981ddecedf7a4afd2658025699464812244c5e4e318a8d520ae422603bd35a8b6416f23efbdfa213efec3fbd9be6f645f5ce533192e99dbc9a6d72de7c367b70303c97aa409aa67a0ccaa3dbdb4b474506808f4c5f4313a796a2377be722177be7a11a7065011948add03bcf3a6cda3de0212c230f7db371ee0c0e0893f9ea73aff2a1b25b7e504f3fed94d692f0180cb6604b08e111aab70ff8e3e0864c6d13f9c3639d576d1509c33238cb96b47b5bfc43b7fb195c95f7c8c37ff7403776e39402d0ee37748138b8f16924649045101c8433c146055a15a4976272c1620ca036d509ec4ffbb7e251ffaceadacdfd9cd483e3f66a28839ed8dfce985cbf9e62533215785d8b34b9a9876ecd9cff6ee5eda3a27d15408a0fa60189c3fbb85877e7b110fbe7e09bfb5b42dede58cbaab5676f1ddc7f68eea750631ccbd1673dbe613df8d30cdf957af5edc465b31fd5d1d47db79d3c208cf2f99da90f612a0343295e1b76d0da4fa2a82b7a7fd581188c59d0d636333925accd7577671e177d792fdf2e3fcededdb786c77389b0168fc33c092344a6a502b27a1550cc4198832c9a350a692cca2ca54219b814c0e2a4d7cf617ab79e77fddc21dabb78df8599e96628e2b4f9dc7c3579e042d11d4faadc6d28412c7b06a7b0fbbb36d3436b590c98eaf9708a74d6be207972f60dd5b97f1be332743617cfd7c4fe7ca9f6f65fb81d19d8715c230f7ab8661c64f9af3af7e7f22b60f02f3dac298bfb7b42d8030a13c3201d6f53bc2081cce9bd7c2ccd6006ee7407c78accd6f3c50e64377efe2e46fac22fada4afee5de9d6ceb19fdd98b9a5826ceab374901a8d5df62204ade22208a21aad5dfea4155b601b253b9f1a1adfcce176ee09a7bd731581ad9caa86c26e294696dac7ff532fefe9c8e245833c4d20451aa56b97ffd0e204f7b5b3385ecf8acfc58d051e46317cfa6f79d2bf8e60be7c0b400aa2c465ab9c63b7fb16554af328461ee5f5ed373428387539d7f55cc72f1bc8939c36d5a20c3bce78610608d906bb6a5b34be991fe6802eeb0f974de92f2e6052764ef207f7ceb76667df9714ef9fe5abefbf85efa472880d5c4668025294c510c993cd41a58b927e2e55ffb255fbde531fa06466e4be921f33b9af8a3f316f13f2f9a0dc51828811b096b9ceb1f2cf3c0a6ed4086a9ed2d4451da2b1a594df92caf3f7912f1eb4fe2c1d72f49aab21ac6676807f093353ddc3dcaf39c521fe63e58e5deedc7ff33a739ffea8f4e6aa738ceaa208fd5a440fe0e27378e8f36ea23ede92b432083b85f386fe2b5753f9d051d452e1e079b8f3cbae900afb96e334d5f7c940fdcb29575fbd3db0843e3cfc47c669414be38aeb7173641a909caedfcde771ee41f7f7c1f3bf68ffc99c3f6863c2f5b368bc75eb394f79f5c00fa31c4d278b66bcf7ed66ddd0eb90ad3da02185e3c8a4e9bd6c4c72e9e4df99d2773fd2be673c5d236c88cbf04efbcdbb68deaa35808c3dc7fbcfef8e760a539ffeacd2775a476dd69cb06f2b7375ee78f6de80aa4c5ab35cfacb630aaed42f2cfe74f4b7b09c3a754e363f7ed66d1575672e98fd6735f9a9b6268dc30c09214a618182841be198a9dd05581b8950f5d7d3f7ffbed5b59b77378b6487f3a11b06c4a2b1f78eec97cfd79332037d4fe6890a5f1e7d18d3b59dbd54f4b5b0bd33ac7fe19e0e391cb465cbab09def5ebe803def5cc1979f3f0b0219283d2cb6f671d3faae51bbba1086b97f68d5f1ffbca9cdbf6ac973deacc077241b41a1ec48d71cc83a86dbeafd03692f0180d7cd9a58274a8ed559339ac7e5862337aeede6ecefac61fef7d670e796f4660b6aec1b9f8fcc92c68108f205a894a1ff00e41a60b006e4f9ec8d0ff3e7ff791d77afda32e2c3dd23a0ad98e3d5a7cee3ae572de2bda715201a4806d24be344a95ae3be8dbba09463494b23935a26c05ca8df6052638eb79f3e85f8f54b79f48d4b79ff5953c6458be19fdcbf6754af2ff561ee5d25d61ec71cab34e75ffdcdf20e32e3bd8757a9d9d01346fbe025d30cb08ee65f2f9a05e33440ddb8b9970bbfbb964b7eb48ed57bc3085335b68ccfbf0c49e34006c801d52430aaf4406d10a246c84fe3fbf7eee6f22fdcccffdcb58681c1910f938ad90ce7ce6ce7bde72fe2aa17cc82c6186a7d2443e9a5b16d7fcf00f76c39005598dd5c64524b18bb808562c594463efadc590cbc730557bf642ecc1cbb075e0f6f3cc09a7da377d010c230f79fad7fe615bb69cebfba7202b70f86a4b930f603eba7b23a905de216b68fdf21f9276a765b81af3e7766dacb18513f5fdbc3d2af3fc1fb6fde426fc90d9374ec0cb02405aa7ef639ae415c826a2f5407a19681a80d5a17b27b53c46f7ff35e3e7ffdc3ece91e9d2da1273717f9ede5b379fc35cb79ffa94dc060b22e690c5bbb731f3f5abb1de22c53274fa2a9e05c92a752cc6678e5499dc4572ee1c1d72f4966658dc142992f3c3cba5558690f73ff8bb5cf3cc04a6dfe55679153a68ca3b65505e791de302ab066b5fa3cf374de74ca645eba78fcb5123e490c1fbf7f0f2d5f7b829b368cfc68108d0f0658920215d7c74dc550ab01b5e44031ca42ae09ca5968e884ae2c7ff2ad5bf97f57dfc1b6fda373c051c8665836b985f75db4826b5f32179a22432c8d59956a8ddb1edb007b06a0ad8345b3a7929da0bb9f3d13a74d6be2bb972f60dd5b96f13b27778ca920eb632bbb46bcfdfa70690f733fb0b597bd7dcfac5237adf9579f3eb93395ebd5c471db401801d6f46603aca71345f0edcbe6c29409d0d27fa0cc0bae5ecf5ffe620b83553b1bf4f47c852a295071125e91856c23645b21d30c5101b219c854a15a82be3264a6f0f16b1ee38fbf783d0f6ed8356a07661d8d795e74d22cd6bdee64fefedc7660006a6194e64bc76aff8101ae7d60433267aeb18105935a9cbff30c2ce828f2a517ce63dd5b9625155963415f8587768e4ed52a0430cc3d869f6f3af6dd08d39c7ff55b4b3a52b95e4d20fd61b46b35e53c0cfd4d9a0b5936be740134e5d25ecaa8f8c4037b68f8ef356ce9f6b5b48ece470e49818a21ae0039889a213329691d8cb330b01732fd30b0075a9b20d304d54ebe7bc71efee03f7fc9f7ee58cd8181d119b21e010b3a9a78cf058bf8d14be6265506b5019c8da5b162d5b63d5cbf651fe41a2113b16c563be657cfdc828e22dfbd7c01bf7acda23171c6fc27eb46b75d23ed61ee5f79066d84a9cdbf9ad5c43ce70269a40d861160e5adf43d26733b0aac79f5e2091362b1a39f39df5ecd433bfbd25e8902e52387a440c5f5964120ca259557e49316c24c0403dd908ba1320095180a9d509ccbed8f0e70e517efe0333f7d80adfb0e108f5235567321c74b4f9ac9dad79ec4c7cf6d854c05432c3d23719cfc6e8fa272a5caed8f6d84030350cdd2d2daccccced6515dc37873deac16065fb7947fbc707ad06d851fdc34ba2d72690f73bf7afd014ad5637b3ef8c5d67402acff5a6efba0268e4236e007c8c02cea2c262156cb0469bbecab70fa77d772db33a89cd5c461802529501988322421d020c43d401fc465200b511364dba09aad875c11e4f2906b85be3c1ffcfeddfcf97ffd9cdb9fd84e6594fae92360616733efbe7019f7bf6609b46670c8bb8e5914f3dd0bdb47f52a77f50c70c3ca9d502e40a587e7cc6aa6a56182bc401e41856cc45f9e3f9dbb5e13f001c78efe519f3592ea30f7728d078ff18cfec737a7106045f0b24563a4055563db40181558d5dae8cde11b0f167516d9fedac563a2c27758946b3ce7471bb837c51d611526032c49018b38d84a1897ebe15515e208a23c90abbf454005a272321f2bd700fd79be75f706def59fd7f3ad9b1fa66f945a0a011a72194e9fdec19ed72de7072f9a094d19a8f6d7677a49e17870dd4eaed9b00f3205c8d778f6bc765a1a6c611a2ee7ce6c0ef780a316f3c49e8151bdcab487b95fbff1379fcddf3f5081dda37bbb003c7f612b939b020d3ba5113050b14afd999ade52e0c06b16f35b6365dee2892ad738e707eb5839cacf550a9b0196a471a204952ea03b09ba0aad9069e3d1b5bdbce5aa3bf8e40fef64d3eed19bf9124530a9a9c02b96cd66f595cbf8c8392d9071c8bbc27160a0ccf50fad49da078b7928645831b38dbc837587d5f49602fbae08732ed623a31cd4a43dccfd031b7e7380f5e08e74e6aefce9491da95caf26a042188ff1bd6503ace3d15cc8f2fdcb17f0e5e7cf1af5b103a928d758fea3f5c9c90509032c49e34615a2dea40aab5a856a1ee26910cd83bdedfcdf9f3cc13b3e7b2d773db179d45a0a013251c4e2492dfcf9452bf8d5ab96404b0ee201887de1a674addeb68f6f3cba1d320d50ab427313f3a6a53b687bbcea68c8b1e3b7164273584378d7a5b0d353aac3dcb7f7b3afffe90f826edd964280958bb874c104a9a850fa02093d0cb08e5f04bcfdf4293cfe862530bd31ede58cbcae12afba7e13f631080cb0248d2bd5e4add800d966888a906f82b8056a1d5cfff05edef81f3fe38bd7ddcbcefda3b7853c40319be1dcd993d9f3c693f9d66573a02182d8d9584a47b51673c7e35bd9b6a5172842a9c28be776b270dae8cee09a48a635e7b9e325f3d25ec6933c9e428095f630f7dbb73cfdf0fa8f6e19fd792b6f5ed24e7321bdd64a4d30810c4fdf9cc2e3cf78b36c7223952b97f0afcf9911ccfd3a527ebeb687ef3eb637ed652800065892c6890cc4792867801ce4ebbb1516b2d052844c1e8aadacded0cdfffad6adfcddf77fc9ba9d5dd446712ed5505be16b96cf64ed6b97c0f416c8d587bc5b91a551b4abbb9f6fdcbb0eca3164f3908fb9607e1b93db26c099dc145d30bb8577ace8487b19077daf67f466031eeea3290e73bf66e3d103acfe728d03295460bd6359c7a85fa726b0c6302a413718600d8b6c26e20fcf9ec6d6b72ee3adcb3bd25ece88baf2e66deced4be7794be130c092344e64a1d606511b5433502b2733a7a2bea4ad30aad62bb2a642a5837fb9692d6ffef79f71cddd6b18288fee8e3cd94cc4c2ce662aaf5dcee3af5bce3f5dd00af9c1fa907a0ba435b2e2186e7b7423b73cb11d1a5aa1540262164c9d42261adf677043f0b7e7cd487b09071d3890ce81c0650bdba1299d83e87f5ddf73d447d98777f5c168ef8cd690e5b9735a47f73a35a1cd6b08a3daeff1fd56a10fa799ad05feeb45f378f0f54b386b7e7a55ae236ab0caffbb6767daab50ca0cb0248d0f710668021a20ced5c3a05e88bb213a00d92a4439c8b602d3a0348ddb1f3bc0cbbf742bffdfd5bf64fbbe03a3be49603613b16c722bbf7fee12ee7dd532fee6cc5628ec868a5b066be4ec3bd0cf376e7b1406814c0eb2c0d436ce593c2deda54d08733b0a9cbf2090c0a29a4e609ecb467c24ad2aac0365d6ed7bea03e73b52a8befab3651de4c679eb8fc2727a2001d64752da3061bc3b6d5a13f7fed622ee7ded622e5b34fe66eb7dec81bd6cedb60a6b2233c092344e44498f5e94016ac95b5ca9075983c960f738031420db040d6dd0301df664f8e0ff3cc41f7ff967dcf2d866ca95d1adc602682ae4386b66077f7ac1426ebdfc3498d40cd1a03b166ad8c531dcf0d006bef7c82692970025a8f6f39259cebf1a4d7f104a8095e236f66f5e915e1be12d9b9fba8df0aa14e65fbdc9dd0735ca4e6dcda7bd84c4b67efa1de43e62ce9ad1cc752f5fc0a36f5ccaff3e75d2f89991558bf9c2c3bbd35e8552648025697c8862c854202a012588ab49754115a864a19639d49d17c5c9cca94a059a5ba1d6ce7fdfb9994bffedc7fcf34fee66ebbe742aa0da1bf25c347f1afb5fbf821fbd68163443f203d856a8e1b16d6f0f5fbefd091868482aaf4a7d4099172c9b46734320073513c059d39bd25e426270f403fb21f3dad3ab44fbfa869e5ffb5cb51673db680758ad79ce9ad13cbad7a9096f414b21ed25246a71d2b6ab11b5624a23fff28239ec7be70afee379b3a0b398f6924ed8df3cb297c151dc515c6131c092344e5421d30fd93e882a50ab25c155a508e506a8e4a11625ff160d264157a60a3dfdc9f0f7c2342afb73bcf7aa7bf9dd2fddcc9dabb65349e9c9b1bd21cfe527cd62ebeb4fe15b977442539cacb93a90ca7a343ed4e2981b1e5ccb358f6c83621b10c1e020343770c98a39cebf1a45f3db0339804cf93efff0299da95cefcf361da07cc4acab957b066094ab41fe614567da778126a039a1546001df5bd39df612268c8e861cbf7bc6146a6f59c683af5fc2fbcf9a12cc40ff67acbfcacd1b7ffd4484260603ac712c9fcd24fd2294814afdb31144d9fa8bd61a443592ea0edfc6c45b1427f72199fae7aaf5b7fa7d4b2db9afe31ac413ec557114d7c3a90a49fb6004b51c540b50cb433c34f3a1560faffaa15a82e6224479a001f2d3213f956beedbc585ff760d9fb9e61e7675f5a7f2e364a28899ad8dbcf6b405ec7dd329fceca57393dd14f18cd3b81527d576237540bba3ab8fafdeb50efa6ac9c347360f5478c1dc16164cb77d70343517c298414321dd9781972e4869987bb9c6c33b9f5cf971e7b6d1afbc7dcdd28e51bf4e69494015381f7b62ffa8ee06ade468e1b4694d7cf4b9b3a8bc7305b7bc6a21ef3aa533f5e78367eabfd71a7e4e5463eb3755cf482e02caa56417b66c5f3dfca81fac4740a64c126ed54390b8eac7a17e1c57935df4b29564c653ad4012d2f441d40fc4496f7b544a76de2b97a0966542fd89c79924b0aae59390369b4dfe087235c8c7908d0fb50ed6eaad85d92c49a80b64ea2d86711e6a45d89de5cfbe71276ffbdc355cffc07a7a072b4f7ffd2324023a1bf35cba6806bbdfb81ca6354263fdbe8fd36bffd10888ab64466807b4c14a95efddb19a9fadee867c43bd0a310f7185379dbf84c9ad81b4b44d10c18c22c9a5fb1c91e630f79b8f9883f5e3ada31c604d6960e9e486d1bd4e0998db16480528406f85bb46fb6f4f07653311cf99dbcae72e9dcbc0ef9dccf5af98cfeb96b543269427a9a3fbfcdaee51df7c496118a375833a160db94c125ef56e877c6fb203dbc16a9e5a72305f8d480e9115bc28865a19a2967a48d303d57ec8e6a06116904ffea2e308f259c8e4219e6043c0e3230ec60efeef11554b873fe1c543c156fdffa32ce40a3058864227d7dcb9916b56efe4ffbcf00c7eefd2539933a93595968f2882c9cd45aaaf3b89fd0365eedbb69f17deb81dfacb5029d72b2b73f521f6c3b1c01832b5fa4df75407b93e6e3c634343f90fde4f87a996a056a27d84e69d3dbc712f7f75d34ae8cb249557b918064a30a99d5317ceb48d69941d28055249d9947e25d89b574ce2af7e35fadba27f7e532f7f726ef2710c7c77d3e81e447f76453aed9352533e0b1d45d8ffd4bb718eb6f7dfb78b9b66b7a4bd8c09af98cd70e9c2762e5dd8cebf5d5ce1bb2bf7f1ae87f6c251766d4d5d7f950d5d832ce808a7a250a3c3006b1c7bde994b89bffdb7692f43a3247ad3b7938aa208880a49a0e1998967204e52a2b85e9dd5d89254b435b643771f7ff7833bb87dd556defd9273b8ecb4393416d279f8cc4411931a0b5cba681afb6777f2d0b6fdfc7cfd761edf77809e4cc40f77fcfafdfed299bf5ea935d48c3af41e7e3d92ca65226634e4e92bd7e8ae56a91c511de4afd7215962a2a39c0afce1f65cfdef32c76ba794f8f64e3878cbc7f513094d05beb4b48193e74c1ef6b575f50ef2951befa36bc34ec84f86a8014afd1095b9f2e4599c342bbddde026aa1d07c2d802fcd94de9cfc2191ae6feabf5a33bcfe4d12dbdf4976b34e633acdf3f08fda35b65fb8ac51da37a7dd2e1de3aa391af041260fd7c6d0f2bf7f4b36c7263da4b51dda4c61cbf77e6547ef7cca9dcb2a19be7ddb513b6863770ffa15d7d065813900196345ec415881a939df83219a8d692126053866354afc28a32d0d00003fd87da6eb339c865b8e1c13ddcb0ee7afef0c205fcfea5a772cafce964532cb36e2fe679ce82a99c3f77327da52ad538268a226ac37ca767ebe539d50950ab1d1d47295214438d38f9752129823cfce3ccc1a81022223e77e455441139a090cb50c80e6f4b57b51673edfdebf9f4af3640a63eff30ce266dc8d5dd3c7ff92c3a9a7df137da1edb93ce6cbd239d1bc830e70f9fd2c94b4639c0a216f3e0ce3e2e98ddc29da3dcc2346f4e33b3dac2b8ed35315d3ca389af3cbe3fed651cf4a7bfdcc14f5ebe20ed65e8081170f1fc36e2f96ddcbeb9878b6ede06bbc3d950e8be5d03bc6269daabd06833c092c68b6a7d3e569c4906ac54626c0eff4d8606e31f1e1a44c96d98c943b90ab91c144876356c6c81da20fff6d387f9c183ab78ef0b4ee335179fc1ec49e96c053fa490cd50689c40f3ce74cc566ed9c3c7ae7d0006b2d0d092ecbad9da01951aadd3db79d6b239692f7142ba7a4318bb272d0d6437c483c3dcfb46b70aeaf66dbd5c30bb85ef8df26e561f5f6efba0d2f5ac99cd692fe149ae59dbcd4d1bbab9647e5bda4bd1513c7b4e2b95d7b7f0cf77efe42feed891f6720078b87b828d4a1130a1263c4be35cb5064450ad8732b9a11d267574d1afcfcd224e86a3e7f3506c00b250cd425c805a04d51c4c9ecfd6ddf09e6ffd8adffbecb5fce2a1f5f4a734e45d3a9aaede413e7ffde3dcbf7e30999d07d0d294cc4c1b1ce46da7cd63f96cdb07475b6fa9ca9702d93afe94408688a735ccfd4b9b7b8963f8cea603bff98b874b26e2258b3c4857ba964d6e086ed7b917fc7c2bfde540e603ea296533117f7efe747ef2d279418c42fd8e01d68414d62397a413908152196a15a8f401250cb09ea9fa2607710cb56a52d196cbd507a44710d5db324b40612a14a673cda3fb78fe677ec6fff9fa4d3cb87e87db412b0883952adfb9730d9fba6523d43a93002bca25e16ca6041d55ae387f118dc570da98f60f4c8c10f89b8fed834086b89fd419468005c930f7d1f6f0965eeedfde0bfda3b7a3eb158b5be968b00142e9ca66227e6b7e6083d3bb4abce7e62d69af42c7e0f2251dfcd725b3d35ec6a857ed2a0c0658d2b851805a8664dbb84a3213ebc8ddf77498a81e4a1d760a291e6abb8c9ffc713434c3a89cdcaeb508a266c84d82c26c1868e793d73cc28b3efd3ffcdb4fee61f39e1ebb3795aabb9ed8ccfb7e720ff4e620db04f926e8ad1fa4f76ce1458b5b386dc1b474177984ce6face2cd3fddc0ca40e6438d84bd7d657e2f90d60b9a72cc6a0ba385100e0d731f55d598b3bfb36654aff20f6d1f5420de1a6025e0e71fd9c7d71ede93f632740cde72ea6498d994ee22023919a4d16580258d17513ea9b020cbc100c60aaca7111df6362486b896545fc5b5a45a25ae1dfa984afde37aeb61dc08712b44edd0349b1d7b0bfcf1376fe377ffe5077cf7b647d8db337e0fc415aeb5dbf7f1a11ffc8abd5b7b9356d8a1a036ce40b5040d65de72e10226b786b3e3d3a6fd253850e6eb2bbb58fef555bce847ebb96dd3f80a826b71ccab6fdc0c83a357edf3745e3da739840e9027f9f029e33cdc69c8f2bc79e185069a989e3faf2d8836b023bde5a62ddcb43e8c366b1d5d047cf7b494c7100c84f17caad16580258d17b50c9087380fb51cbf1ecee8d7c499436f51ed88b76af29ea1f0eaf0af1f0abae2e4ad5c854c13d41a80367ebaaa872b3f7703eff8dcb5fcf4810d1c1828a7f9536a02d9babf97bfbdea16ae7f702bd49a92503b1743a50a8526e8e9e2827993b8e894f91cc7868b23e6ce6d4f9e41f4b3b5dd3ce7fbebc87cf571bef4c0ee31df5e18037f75eb567ebe368ce1ed00af9e9beee6134fe5e030f771ea7dcb3bc86503fac3d38436a931c7f9f3c37b1c208617fc78033fdf608815ba7367a6dc86eae3e9846480258d175104712e7963a812cb07f6a777940aac23abaf181a885fa8bf45f500ab1fe887e63c0c56a05a845c0764a641661657dfb59b977ce136def3b55bf9e5caad94ca9e29d2c8e9e92ff3b59fdec1577fb516b29df5d6c14cf2bb3a5802b2902ff0ba679dccfca9615581fc64cb518668ef2ff1ce5f6ca5f38b8ff1c69f6ee0c6f55d54aa63ab2cab5c8bf98b5f6ce163f785d516f3fc7981cdbf21bd61eea3e54db60f2a301f58de91f6129e5a35e6921faee75b8fee4d7b257a1ad39b533ee150c8a67bfd4a850196346e1c3eaf298b01d63178da129423ff2d43120c66927fab55a05682ea00944ac965650b906b815c2bd00cf919b03fcf177fb68a67ffeb35fce30f7fc5caad7ba9d6ecd9d7f02a556b7cf3170ff0be6b1f846c1b9472906f4cb2d76a39a9c0aa5599bb68322f3e6b099990caaf802f6fec7dfa2fa8c67c73651797fe7003f92f3cca7b7ebe993bb71c083eccdada5de6ccabd7f14f0f84155e31a39199ade1ccbf3a5c1ac3dc47c5a422a74e4b795e8c7484cb16b425273a4214c31baedfcc9fdcb4993e4f0006299349f9b544603b696a7478af4be3461f64fa201aa8570f45c99b8e2e1eaaace2507b20477b1b1ae45e7fcb90ec481845c960f72c4005ca8349b8459c7c4fdc00f929b00dfecff7efe7a59fbe86cf5f7b2f6b77eca75235c8d2892b556bfccf1d8ff3fbdf7b10fa3b61b00085086a438f054053012abbf9e38b16b1746647da4b7e928d5dc9fcab633658e5530feee5c2efae25fff94778edb51bf8c113fbd8db1f4e9b616fa9ca67eed9c9ecafade4d14d47a92e4bd17f2c0bb712289561eea3e05f4feef4949282d35cc8f29781cf9efbf4437b69fec62aeedbf61b4e748c2397fc681d37aceb0a7e92eddeb477011cc72de73a3aef7569bc88aa105592b94d314978e5abe567e837cd0d3be2a54474e4bfc587322eeab77f0d88b2906f854a3f6bb795f9c36ffe92d36e7984dfb9e8645ef3ace5cc9ed4125c458cc6866a2de6a777afe68d5fbd09badb20d30a5119a2b8fe1810412686c1fdcc5fd8cc15e72d269f0babe4fe9eed2710f0946b7ce7892ebef34457f2ff531a78df9c669e37ab99b3673431bd6574ab8cb67497f8c6e3fb78effdbbc31d2e9b8978d5d2f6b457f1b43e7c4a272f591fcebcb01316c1152775a4bd0ae929fdafd3a6f0ffee0fac4af4485d25cefece1adeb4ac9d8f5e3093b91de95690d64f518e88ed074afc7c6d4f3233717613379f378de7cc6d0b6a6ee5904753de35f8cad67caad7af74186049e34680cf6c135a2d0911a25a1222e472506d824a1968e5a10d07f8b31df7f0fd7bd7f3e6672de3f2b317317b52b341968e59b516f3d37bd7f2b6afdf4ca93b0399867a065bacd757d743d4a81f6afbf8a3679fcdbcc0665f015cb77918cfaaef1ee0e3bb07f8f8d0c1585b81df9adec0c5531a39657203274d6a605e5b81ec30b53d0c566bacdc3dc02f361fe0ddebba616bdfb05cee487ac3d236263785fda2ffe030f7b4cfee0f93e72f6c65c62887a9d2b15ad459e4f2456d5cb336fca1e95f5fd9c5d75775f3ae151dfcd16993396d94db72d7ec1be0876bbaf8b347f7b1fd8ac54c6f19fec7d2bb0eaf34dbd2c7c55bd6c39406be7bf6145ebaa483865c380d54ff92f28cb2b33a8ba95ebfd2618025492322e650880564eac3f56b99643651b511aa156e79a29b5bd6fd8a25b7aee46f5fb0828b4f5dc09c49cd4406597a1aa56a8d6b7eb592dffefaddb0bb016a2d901baab82a26557f5421ee85de9d9c7f4a27575cb024b8ea2b80cf8e648b5d7789abbb4b5cbdeab003b34c04ad794e6e2b70416b8ea5ad05e6b5e4e92866692b6469a9cfd4682d6429d762062a352ab5987d0355f60e54d9da5be6817d837c65ff20ec1c4876221d43de7bc694b497f01b0d0d73ffab5fed4c7b29c3e2fd2bc26ed1923e71c1f431116001508bf9fc23fbf8fc23fb6046239f5ddac18b16b6b1b063f8c38c5d7d65eedbdec74d5b0ef0b1b53dd0553af86f1bbb074724c0bafea94eeaec1ee0d5d76d865f6ce37d2b3a78cbc99338654ae3b05ff73371dfb65ebeb72adddf99332737a47afd4a870196248d9418c866218e9356c26c1e32d924ccca36275f90e983723fab57f5f3e6ad77f382b96b78cd050b78f9b98b98d5d9326c95221a3f064b65fee7978f71e5d77f0efbea9b05343640b9a75e71950572495b7165101a06f9dd672f63c1b4f0dac6b67497a0fb19ccbf1a0eb518ba4a3cda55e2d1d1bde6d49d31af85336734a7bd8c63f2e615e324c06ac872c982f0fef6a4c39d3cb591cb16b5f1b3b112620dd9decfffdade0fb76c83f602ef98d5c473a73771ca940666b51498d69227ff1b5e47f5976beceaabb0b3afccd69e128fec1be4cebd035cbdbd1f7a8efefcb472ef20e7cd1afedd5c3fbdf1694eea0c56f9f8fd7b922ae3290dfcf349edbc6271078b46b91269edbe41cebe66e3a85ee75339dd8d312624032c491a11f56a985c1eca9524c0ca6592f02a8ea156856a053279c817a05a83812a373ed4cf8d4fdccb176e5fc3ef5cb898979fb380b953da0cb20440777f89afdcf0007ffc9d5f403419f26d906fa86fd830b40b2990c90015a80df05b67cee3a5e72e0db23df5aeed1367286f08be74c1f4b49770cc8686b9ff6a8ccfc27aff8a4e0ad9f0fef6a4237df6a2992c5ed7fd6be33ec78cae125fea2af1a5c7f61ffa5c0414b3c95b3e93542a0fd437372927afbb8eb78af6e1bd03c3b1ea27d97ea0f4a42aafa7b57b80f7ec1ee03db7ef80290d7c64511b2f9cdbc219d39b288e609be14fd7ece725376c497fce635b9ed96db6664f4406589234222288f2508d20ca252f9a6a55a04a32ecbd0ad4a0564b76438c238873506c815a917b1fdacfbdabefe3ffbb6d0d7f7ce13c5e7ce62216cd68a718600b9846c7967dbd7cfeba87f9f0758f40792ae45a2153806a35f97dcac4c9c7d9523203ab7c00da63fef78bce626667985537376d31c01a2daf5cd2c6d933c3fc3d389af130ccfd6db60f6a8c58d459e42f4e9fcc271e087ca0fb331193042d2310b65cb76f908f0df365de75bc3b2dee1ee0af760f2455abb9888be7b470e59c66ce9adac829531be96838b143fe814a8d5f6ce8e69df7ef614b20cfdb7fb928bc999e1a1d065892342232492b579c2129bf22791f0f855795c33eae6f5d982b0111e41a203f192a116b37c5fce9c695ccfcc57ade7ad62c5e73c1624e993b89c642d84398357ce2181ed9b48b8ffef801be71c746885b93aa2b32c92601b541a09a9c69ce02b90a0cec83b89bbf7eeea93c67c5dc20abafe037b44a68f864233e73d1acb457f18c8df961eed31a599ef29c1ae999f83f17cee013abbba0778cfecd8da2fb760d7f05d653cebf7aa62a3137afefe1e6c3c3fff602bf35ad8133db8b2c6d2fb2a02dcfb4a63c8db90c8df9e8e060f89e5295c14a4c77a9ca969e128fee1de47f76f4f1f38dbd50a91de50ad3f1eac5b6664f540658923452629296ae1892f0aa567f5f4d528927556355920a1ae2a47a26d39ab41b96804c816d3b4a7cfc9a757cfc964779eda9f379e7452771cee26974b634041b4ee8c40d94abdcf9d846def7cd9f73e7e61214a740a501c827bf435109a800d524272d6621ee83b88bd317b4f286e79e4c6331cca7fa67d42aa113f2e90ba733af7decb55a8cf561ee5f3d7552da4b909e91b662966b9e3f8bcb7f9cfe7ca3e0f555d83f5039e1eaa6c38dd8499dae12577795b87a642e7df4b5e4396fd6d8aa28d6f009671f4e491a57eac154ad540faceae115b5faa0ed0c49b94c16a202648b490b61a698cc63280d42ad9c9c662814609064e7c2ee56be7df3365efc2f3fe7f59fbd892f5cff300f6fdcc34039e559041a763bf7f7f1d99fdec7f3ffe306eedc5a82520e4af5d65386da51497e9732b964de5aa5045d3ba0a1cc5f5e763acb66877b007ddcad127a666636f1bfce9a9af62a8edb5b5784fb3bfcb47211af5cda91f62aa467ec258b3b78fb8a8eb4973126acdf3f386c97e5499d63f7e933267bf276020bf3b4aca4e33056a76e8e5771bd45b0c6c1fbe6e0736d36a9ccca4424e711eaff508da19a85b89cbce52a90292703de5b22209764175106ca11d7dfb783ebefdb04733bf9ab33a673c9a9f33977f10cda9a1af0797dec2a57aa3cb2690f9ffed9a37cf9f635f581b319686b814a0cb57e92a7ef6c3dbcaabf8f8081fd90aff247e72de7f27396043dfcff6781ccd118d7f219d65f36f737eec215b239ed052e5ed0fae4769831e00f9677d0567466a1c6a64f5d3c9bffdcd23bfabbc48e31abf70d0edbceae9ed43946b90c6f3a798c9ed8d0b0b0024b1a37ea0728f1916189d21173b0b58b5a32ab08ea41c350f5553e19f41ee581625261552d42ad08d942f225d581a425ac360895bee4320a0588f3909f0ad919b02be2233f799417feeb35bcf3b3d7f29ddb57b2656f0f8315abb2c69add5dfd7ce1868779e5bffd842f5fbf1a4a4dd03c3919ee3f30988457713f496f692509483359204a7e477265ce59329d77bdec7c26b7855d5eff994dbe581f69d7be680ef33b46777bf591f0d7a78dbd8395df3f6572da4b908e5b5b31cbc32f5f00eea0f9b41ede377c1558c332ff6a02f8d0999399d4680dce44e6bd2f8d1785a85e9d537f8b31c44a5574a82ae6f0cf1dbc73ea03dd0f068fd4838818a2fa6cac2a101593b7a16d9ee3fafd4c06e262f2ffe522508003037cf7defd7cf7a11b5838b5c85bcf5acc0b4e5fc092d95398d1d16cb975c0fa07cbdcb96a3b9fbbf171be75cf76186c8506925f8f6a94b499c6997a555f05b2f559690365c8e6a13a08d55dd011f17f5e762e27cf09fbe079776f1986f185bf7edd47ce9fc68b1777a4bd8c61f1fcf96dd09c1b3b83a5a73470c6f4a6b457219d9053a634f2bd17cee68a9f6e4e7b29c1ba65eff03d8f7dda00eb376bc8f227678fdd96780d0f032c491a314f57e45a1fd87e78e767e6888aa9b8bead5c7cc4b70d7d10970f85645181e421bd089502eb36ece5431beee643d73fc04b97cee415672ee2ccc5b33865ee145a1a0ab61806a252adf1f8963d7ce3e687f8e81deb605706b29dd0d09c54de45150edee999fa5376be11fa078032e4f350ea816204f1013e74f199bcf0ec4541b70e82ad1223edadcb3bf8c00533d25ec6b0c967223e7aea243e70e7d818e6fe9fa7851d204bc7ea55cb26f189ae327f71c78eb49712a41b77f70fcbe57852e7d85cf5dc19b40fe3d07c8d4dfe0648d25814d5201a8428e6e0307832400ea256682e0015e83bc04feedcca4feedfc8e4199dbcf4a4795c7efa1cce5f3a8359935a692cf83490865a1cb369770fdfbf73159fbbf5511edfd8059916686a817215b225a86420ce261579d150b55e3699931635403e0b033d90ab42ef5ede78fe02de7ee9393417f369ff78bfd1f5cebf1a31172d68e58b97ce1d7721f55b568c91002b17f1aa933ad25e85346cfeecfce9acef2df32f0fed4d7b29e1e92ed357aed2943fb179779ed4f9cd9ebda0952b577872400658923446d52053a9871b0520865a01280019286793f948d95668ae41a1c29e7dfd7cf5e76bf9ea2f9fa069522bbf7be66c2e39651e8b6674b0606a1b6d4d637f564ee8aab5988dbb7bb8f1810d7ce3ce8ddcf868175084e625d0d707bdfdd05880ca40320f2dca42b65abfafb310372441d7401f94cbd09283ee1d2c5fd4c27baf783673a7b4a7fd231e937fda34425b854f70172d68e58697ce27370ee7d6cc6e1b1bc3dcdfbda2d3e1ed1a5722e053cf9f4da916f3f947f6a5bd9ce0aceb2a71ca94c613ba0c4feafc064d39aebe748e935104186049d2d814519f9505c9b0ac0c87fa0b6328d60778f797a05a816c03d008cd9d902dd3b7750f9fdefc109ffec56a66ce6ae7550bda3973c154ce5d3a8fe5b33b291672cecc1a46e54a958dbb7bb8eefe357ce79ef5dcf4d01e186c84a6a9496b603f50e880c6c6a425b056833847729f963978dfd662a894a0a5190e7443e500b4c7fcdd2b2fe4d4f9d3c744d5cddefe0a0ce3dc1025debcbc832f5e3a97c2380caf86fcf569937851e001d61fd83ea871281345fcfb0be6908de0df1f36c43adcda7d03271c60fdd3464fea1c5526e2572f9dc794e6f0abcb353a0cb024692caa8fd03af831241557436156b59cccd0ca67209b4bfe2dd708fdfd902b42db3428b7423cc8b60d7bf9b70d3be0d6279839e57e2e5e3083f317cfe49215b35830bd83b6c622d9ac9bd61e8f030325566fddcbf7ee5ecd0f1f58c303ab772655544dd393503197875c2eb90f4b7d50ab40be2119ce4e2e19d81ec3c161ff11c920f7be0390ad41ad97fff78a67f1e2734e0a7eeed590bb6d9518761f3a772a7ffdac19e33e740e7e98fbec26969fe081ac14aa4c14f1af2f98cbecc61c7f7dd7aeb497138c87f70ef28a13f87ee75f3dbdef5d369bf366b5a4bd0c05c4004b92c6a23803d542fd7f2292d29b18183ab0ab0f888f6ac95b9c4dfe299b4bfebf94058ac9e56473c9082daa6cdbddc7555b3770d5adab605291e7cc99cc65cbe770e682e9ac983d85d9535a68726ed6d32a556b6cdcd9c5fd6bb773dd83ebf98f07d6414f19ca0d509901855c32df2a5b05faa0964f42a94c2d091d073310e5211741a902990c64f2502b93dc89f5aaac780ffff79567f2ce179e416b63e1e91715909bb678a679d86423aebe6c0eaf3ca933ed958c8ad087b9fff074abaf34be45c05f3d6b264b3b0abcee86ad8776489ec0eede3b7042dfeffcaba3fbe2f366f1aa6593d25e8602e35188248d4951d262568beaed8400b564d877544b2aaea25afd73b5647e520d92aa9ef8d0654479a01ea04440b6111a2a490b5b3fdcfac800b73ef43834af63cebc765e36b78d536777b26c4e27a7cc99c4949606f2b9ec98685d1b49a56a8dae03833cb47127bf78643d573fb48907d6ef4a06ae53807c27d008f91cc455a09aec301895ea15561992fb2177e86d60b0fe2c9d4f82ac18c8d720db07b56efef0e2a5fcef179f4d67cbd8aaf8f8d8265fac0f8b290d3cf1e2792c9ddc90f64a4655b0c3dc1b73bc785147daab9046c56b574ce6a4ce06cefaf186702b2247c9f7769d58f594f3af9edad72e9dc39b4e31bcd2af33c092a4b1288e92aaaae47f38d44738145e550fcdc88aabc9e7c9d443930c49c955f4e4b79824e8cae493d6b64c131433501a84c15e363f3ec0e71eeb81e24668acb1ac3dcba9333ab970c9349eb3623673a7b4d252ccd3dc502037ce5b0ee318fa07cbec39d0cfea2dbbb9e1b12dfc6acd567eb67e3b7455202a424327648b50cb40be29795f8d2113d5c3c52a07efb738c3c15d068993fb295f4baab0aab5a4622b8aa0d203fd3b78f3058b78efabce615a47536ab7c1f1d8db5f81dd2776b65af0feb326f337cf9a49436e7cff9d3d95d96d052e5bd4c6cfd676a7bd9427f9f8e993c6f5fc31e94867ce6866ef1b4fe2f5376ce6bac0fe1e4755d720a56a7cdc7fffcebf3a423ec3752f99cb650bc7c6a6341a7d06589234164587cd441aea1e8c863e510f43e2c377c2aa57664531904d0230b2c9ff67eaa1491cd7c3ae38c956ca83902900b9a4328b025081721fd46aacdc5765e5baed7cf78e6dd0fa003456b8785a0b172f9cce594b66317b4a279dad4d4c6d6da0ada9403633760fb66b71ccc06085ed5d7d6cded3cd861d7bb969e50eae5bbb952d3bf6412507510eca79689a02d57a855c540462e8037231e4e3fa7d974b42ab5afd768f32f560b1968457991ae4ca49855da63e2babda039503bce2bc85fcd5eb9ec7fc691da9de26c7e3fe1d9e693e21938adcf7c2399c39a339ed95a4ea6fcf9c1c5680958978fba9b60f6ae2e96ccc71edcb1770d5a37b79c3cd5ba1544b7b49a32f868d5d832c99f4ccab619d7f7584ce224fbc74fe84ab2cd6336380254963d550d14e4c3d14c9d63f79b8a1cf57211a48be388e92e02aae7f3c145a0db5b651afdcaa0c42b690540c65eaed885421974dc2b1422eb9eca896042d072adcbca78f9b1f7c0c8aaba0a38529ed452e9dddc1b2191dcc696b66c6a426e64f6d63cea466da9a0a64321922a2605a10e33809abaad51a3d03257676f5b1725b0f6bb7ede5e14d7bb973eb7e1eddd90b7dfd49b05406f2539341ec64ea2d82513d9caa25b75dae08c508e241a07e5bd5f250cd70f0fe1a6af9ccd4203b089972126465f310b7407f15b2659eb36c3a7f73c5459c34674a7a37d20938654a13ef3e6d129f7e649fb3539e8962962f3d6b3a6f3e7532f93132ac7f243d6b762bb4e4e14039eda500f08e65ed4c73872c4d5011f0fa932771c9bc567eff962d5cbd2aa0707994acd97f7c0196f3af0e79d7299dfcd37367d15cc8fee62fd6846680254963525cafa6e2e006758776ab1baac222099aa22c49d2521fe04e540fb1eadf532dd76767c5f59d0c6b50ab26214aadbfdef696a987341cfade4c26b9cc0c242159169aa602d564e078cf20bbbb4b5cb5693bd4b641b50f1ab330b995b33a9b58d090674a5b8179d33a5831ad9d59935b98d6de485b43914c26229bcd50cc6529e4334451342c3bacd5e298b81653aad62855aa94cb35fa2b157a074a6cdfd7cbfa5ddd3cb669279bf71e605b4f1f9bbbfa59b5374a2aa84a59283442dc0e5167727b640792caabb8deea37140c16eac15fb57e5b54cb50a8b77a46f9faed550f00e38864387b39b9eda2fa6d1fd720ce274162ad87cbcf99ccdfbcea0cce5c347dccee3637bd25cfa72e99c3fbce99cebf3cb88b8f3eb417ca13f08cfdb1ca65f88773a6f087674ca1bdc1976c43a208fe78512b9f79706fda4b01e0cfcf9c9af612a4d44d6fc9f383cb1770e7e907b8f0966db0b33fed258d9a957b0779f1a267fe7d3bfbabc3bf98b1a6a3c0ad97cce6a2b9ad69af446384af8624694c1aaa98aacfae3a38036b28d8a81e7a7fb0d06528d43aacef30aab7af0dcdd11a9a8f95a9b7bac5f161e3b50e0b4da28393e3ebc3e1eb1f57cb1caaf22a242d88713dd8c9362561d88e98fb760e705fad17aa15a86c866c051ab2d098a3bdbd9969c51cb39a732ce96c62dea406a6b734d0de983c6515f2591a0bc9ae7b855c86422e43e688995bb56a8d814a856a2dc99006ca257afa4af40cd4e8eaef674b77892776f7b1bea7c4da9e01182c416f39595fa51efae5724995552d0bb94c527916650ffbb92bc90e8e43b765666837c8faed503dec7ec9d42bd500b2f580305b4d6ed3b89a5c7ead5a0f0ef350aeb71736e4e0c0465e76ce3c3ef2dab3397dfe14a2311a5e1d6e565b9e7f78ce2cfefa82e95cb3a68bd73cbc17b6f6a5bdac703464f9f81993f9ddd32633a9c9ca9ea772c1d4263e43fa01d6bc39cd9c3c756c6da4208da40b66b7507ddd127ebc7a3fafbc63e7846891bbeb3877227cdb699379ce9c663e72cf4ebefcd8fec35eaf4d00c52cff7ade54de79c6148ae37c6eaa86970196248d554f0aae0effe4d3bc028a8ff622e1b040ea4997ffeb9f7ed2bf3dc991953443e15ab67e19b9275f553e9f542de5eb6d8b710c03315d074a74d1c72a4afca252826a09f211b4352741d840b93e3b8aa4e52e5f4882b7a1dd15a32809cd4afdf5afab0f402f5593d6bdb80a991cd098044bf97a5095694b3e9fab2f3243727dd5c37faea7ba7d8fa8847b4a71d252180dada71e3e46997a8b26f55964f576cf6a0d3255e8ddcecbcf9ac1875f7b1ea78d93f0ea704df92caf5e3e8978f92456ef1de0db4fece7af9ed80ffb4b692f2d1dd31bf9c6a993f9ed933a68ccfb82fee97414c3b87dbe70d6d86ce7954652268a78c5d24e2a8b3bb8714337bf73ef6eb68ce3ddf6beb67780af1ee7f72eee6ce04b2f9cc787cf9bc1571edbcb5f3dbc17fac6f1ce8e0d593e71e6147ef7f4c95616ebb8f85b23491a7d3150ae7030108a191a400595fae7b3f9a40a2a5f48aab9ca0dd0d4004db524c42ad7db21076a497854adcff68a206983cc722854abcfa7ca640f0b8aa2fa3caa5af2bdd9a14a349290ab32543d350c07ca710d6aa5facf9a4bdec81d0ad0caf5c026aa5761152328ede58de7cde56f5ff75c96ce1aff03a2974c6ae08317cee08317ce60f5de017ebcb68bf7ace9861de3bc0da539c7fb4f6ae7cd2b2671ca142b798ed5fec1005a6f3a0abc607e5bdaab908295cd445cb6b09dcd0bdb7978571f5f7c742ffffcd8fe7135ecfd8c792d7ce4d449277c3973da0b7cf0c219bcf7bce9dcb4b19b7f7e742f3f597f20a90c1f0fa634f0b53326f3aa933a68ca3be74ac7cf004b92948ea1195ed42ba4e27acb624373d2c258ad25e112b57ae8d304033968cc41733db8a23eb7ebf0d7773149084463d2e617d75f280fb547d6a8875251d2ba176593eb1d0ace86bef660b5d370bcd08e0f55880dcd2a8beac158a99c5c57a6025119e20118dccf7b5eb09cf75ff12ca6774cbc1de7964c6ae04f2635f027e74e67776f99bbb6f572eda6037c7ae301e81a07d559ed05fe7a491baf58d0c6b9b39ac7ec4cb3345d1b4035c7b7ce9d46d6a1fad23139756a13ffdff39af88767cfe2c60ddd7c754d1757ade981ca180bb32238794e0b7fb6b88d972c6863765b61582f3e974d42bfcb16b6d35baa72eba61ebebaba8bafafeb197bc15f738e0f2cebe00d277570eab4a6a72f54978e5114c7f1388975a5892d7ad3d7206a4c769a8b1a206eacb7298db1273b4d2087f728d63faed592a0672860a25e5115455028d677f6cb24b3a1a2087a4bc990aba7ba583814420d0d9e1fba8e68685e559c5c4f1c27a15754ffff08922aadf850007642aa40a9be8efca141ee11f53963fdd09081fd5ba133c73fbcf46c7eeff9a731a5dd8a9c236ded2e73dfce5eeeded1cfb777f6f3e8f6bef007c1b7e479fbdc665e3cbb8567cd6a667e4731ed158d695d03153abef478ba07be4d39067e67f9b89bdd127dfac1b49740fceed3d35ec241de1e23abbf5ce3ee6dbdfc74630f1f59df037b039c979589607a231f9addccf3673773e68c66da8aa35f4154adc5acdc33c0ed5b7bf9cea6035cb7e94078cf7d1130b3894fcc6be5b2f9ad9c36ad29985da6357e186049e3840196c69ea71ab2152515510783a7f8d0d7e62a496b5fad3e60be31977c6b5fb9be03e061174926693b8c0e2f34ae87547068087d94a907643154aaf074f3c34e545c4bd695191a065f6f2b8ccac9cfb66f13f3174ce2e3573c87979fb784e6a2c3bb8f452d8ed9d855e291ddfd3cba7790fbf60df0cdfd25d83338fa0147047414b9624a918ba63472d6b4464e9edcc8f416efcbe1f4d13bb6f3c15fed4c750dfff6dc99fcc159ee3e280da77dfd15eedfd9c75ddbfbf8f9ae01aed9d90f07caa373e511d056e005931b78766781b3a63470ca944616773490cb8697c2d4e2984d5d251edbd3cf7dbb06f8f1ce7e6edb33003da3747b65229854e40d938b3c7b6a23e74d6fe2d4a98d34176c0fd4c832c092c609032c8d490777443cf42e69adcbd4879d0f7d5d05a27e0eeeae1893b4ff3515928ffb4b4988150f5d4e0628d683a2f8c941d8c1e1f7f1a136c678e87b464a06a8076a9928f979e2de24bcaa74c1c05e5e70fa5cfeeecae772fe49b3c98db3aa8e34c4c0ce032536f594d9dd57665b6f851dfd1536f69659d357e5babe32f4579333d8a5dad1c3ae082866eb6f191617b29cd9946351538e198d39e6b5e499db5660567381e9ad790a011ee88c27abf70eb0f41bab92203b2d850c5dbfb322952a0c69a239305865734f89f55d836c3e5061cb8132ebfbca3cd15fe5f6c12a0cd41fc78f7c0c8f80a130a598e1e4628e45c50cb38a5966346499d39c6766738ee9cd79a635e599dd5a0832a87aa606ab35b6f594d9d45d624377891d7d15b6f75758d75fe1c1fe0aab7a2bf51d976bc9fb6a9cdc7e99080af58d65f2f5f78d592e6fc8b1a425c7fca63c339af3cc68cab2b0a381b9ed05f2b6502b050658d2386180a531e7f0f08ac33fccd477158c38142ad5202a4174c4ef732603cdf5ea96a14aaca10b1b9a35151fbe73e0911f0fbd1fbaae110a8e327928b6436910aa03501b84b807e88362953f387f21ef79c5052c9d35d972fb94c531c4c4cea50a50b51693fbee1ad8d697ea3afef1c2e9fce5f9d3535d832449139143dc25492939222018ca916a1c16540d0d60cf4254e4e04cacc3bfa72f82e60234371c1662c5109780ca61173cf40d4759c7e15f36dce21af40f40b504f932547ba0b497d6594dfcd3cbcee7d5cf3e85ce16e72285208a2072d46c90fefdfe5da98757e432fcdee9e37f5750499242648025494ac1510282985fafb23af80f3988b3bf3e3aab0a1ca8426b019ab3d0534a5af40eb60946508b0e7dd393b2acc32bc04630b4886b1077433e4ec2abf24e5e77de3cfef4b79fc3598b6752b065507a5a776febe58f6fdb9ef632f8d09993e968f0e5b3244969f01958929492a8be2b5f3d688a8766610dcda51afa3c49a8151d3198f4f08aa91ad0934942ac56a067b0fe05f556c44c74e8f287ae7b6876433c34fdbd5eb93512e20ad007d50a340df0c9dfbe90375c7a3633da9b6d19947e831d07ca9c77cdc611dd63e198e432fcd19953525e842449139701962405e1b0795007ab90862a910eabce896a49b0134540962755101d9cf574d89ca7c30ff88676de7bf2278f689d3bfc6b46f868318a8ffeff717df07a343468bd56df41f029d6747888b56f00da1ba0250b3d2495575174e8db8eec261cda8570685656cca1eb1bfaa66828fcaacfc98a87aab8aaf535660eddb60707c457931d13a36a729f95fa20decb2bce59ca9fbef46c2e5a368b42de01d0d26fd25baa32e3c7eb476f27b2a7f1a1332733a9c91d2525494a8b0196240521028a4938129793b026aa265542d1d080f1b81e6c55eadfd244f2307e78e5d050d552ed8840ebf0c02b3e2ce7aa072fd1e16ff5c02c3e4a60342c86c2a1a7bafcc3e75c4587bd658ebe9ec3ab98baabd09187b686a49db03ab473613d14abd50ecbe98602ac0cd4b2f5f5d4373f88aa90a9255f432e798b0bc93cae38060693fb8a08f28d401e2a5588fba13a08b932f4ef86a8c4f2b91dfcc1c51771e5734e6346678b5557d23118acd478f1b51b61477fda4b814286779f3d35ed55489234a11960495228229200a53654751425339fa25c3d34812484cad603aa324998151dfafe984321d4932aae0eab0e1a2a30822707584f2e4d3aec7b47ca33b9ec23762c7caa8b3afc9ff757a1a390b414760f24db441fbccac376263c18a045c94e811140e550e5573c5409579fa915c787e6706533902926b75da542127c55939d40e983c16e688ff8cb679dc2db2f3b8793664d26e7ac2be998946b3157fc7423b7adef497b29007cfabc69cebe922429653e134b520822ea339e62c8d6ead551d9faee7b3988f3f5f7957a1551056a0792ef8973c90564ebc1559c814c96a46269a84dad1ec4c4f52aaea81ee23c5526f4a4caad31e44921560df6f7437b115a8bd03d98845843ed82518627057551e6b08fb324d556f5aaaf5a8da425b0520f0da97f4d030c5493fb2b97492ab62843ff5e68ac71e559b3f983179dc585cb66d358b4ed483a56fde51abff5d38dfc6c6d77da4b4934e578a73b0f4a92943a032c490a420db295c3e63945494bdbc1b6bffaec25f2f581e419a835249f27735877dd5088c5a176b888245ca9d5439ab8fef5b5c3aaac0e0f7ec685facfdedd0f9d0d4988d5534ac2a883b9d5d0fcafa8de9ad9cfa16ab5a19956f9a40a2bcad603aaa1b6c25ad262d99c874c0cfd7ba0d40ded595e75fa4cde75c9993c6bf92cda9b8aa9dd02d258b4afbfc2a49fac872d7d692fe5a0ffbc603a4dceac9324297506589214841a546bf59df1eaf3980eceabaa2433b1e27aab5fa61e5ae59b80a6e47ba90f0b3f38407ca8f56d6816567d8e5374d8e0f7283e147a3da9daaa56ffb70c3c5ddb5e880e5661d52bcde2a83ed8bd296927ec29259d7e517d10fec11faf0cb5befadcaf3c5020a9c2ca41543834d83daa244156b606e541e8db0ff4436bc4ebcf5bc815e72ee492d31732b9b5c93957d233f4f8ee7e56fc68037497d25eca219d45de78caa4b45721499230c092a4303ca96b2f73d820f50a54cb902d4365a882280f9966c8b403f97a40552609ab6a87da0ca3b81ec8d448663c0d5d6ebdba281325f3b686aaae0eeebe3754a514d72b91c69898a42a6aa815322669276c6b80b60274579edc261951bfdd06a05cad775ed6db0887da09a91eaad48aeaad84d57dd09ee5f7cf5dcaabcf5bc4190b6630b5bd91c8e44a7a4662e0ab0fefe16d376f854a58adcbbfb87826f98c7fd3922485c0004b924210531fde5e6f1bcc66eaa1ca204caef1d2e7ad20deb483fb56af677b770f94f741d407b9a67a6043f29f4c0ecaf54fd4ead54371bddaa85622d939af3e1f2bca24a1569c39145ec5f193d734560d55abc5b5faae8355e81984ce2668cf2683dd6b43e11e24815e53d2c6992f42a61106eb956d05a0d207b92a947b215381396d7ce0f4d3b8e2bcc59c3c7b0a4d0dceb8928ec7e6ae12affbc5166e0f6458fbe19ebda0958be7b7a5bd0c49925467802549a1a8d6db07b3f9643e555482ea20331bb2fcdd05f398f7e2156cdab19f0736ece2a175dbf8e2ca5d7475ef81eebe647c53a190042fb956a8159236c45cbe1e58c54029697d8b72c9e557eabbece5b2f5e0aa5a7f5fab57258de51df3ea83ee33f55070a880a2bb042d7968c9416f05a824c1614c72bbe532c96d502e25dfd350819e6dc000b41478d98aa9bce8f4855c7ee67c164c69259f732e8e743cfaca553e75cf2e3e78cfae43bb84862482ff7aceccb4572149920e63802549c1186a693b7c97bc32b3b231d31af24c692e3265d174ce5c389d81672fe79dbbbad8b07d2ff7aedfc1758f6fe7895d7bd9be773774ef875c07143aa0564c42aa6a09f2e5646e535421698fcb27e14eb57c6877c2832d75e3a165a6560f02a9579891dc167d256888a158869edee4f62e36900ccccf246d9759a07a00e27e4e5bd2c495672de7f92be6b07cce3426b73590b14d503a2ed55acc0f57ede38a5bb7d743e4307de89ca92c99d490f6322449d2610cb0242904510cd96a522d95a9d57712cc245d7de501a2f8d0ee8051048dc51c27cf99ccc9732673d9598b79d78141f6f6f671ffdadddcb2722b9bf6f5f393f5fba8ecdf9f5c6654816a3f946b498b5cbe250977aab5a4e28ba83e372ae25005564ab7c5b0a9874c717468ce55a506030330004c2ac0a406e8da0f3d5d90ed868616c8d598d909af3f65212f3f6b36a7ce9d4a476b2385ec58ae4893d215c7f0b3755dbcf88e1db07b20ede53cbdd63c7f71deb4b4572149928e608025494188ebbbdb55ea0156fdd39988a6862672b9a33f5ce7b219a6b63732b5bd9193664ee655172ca1af5466d5b62e1eddbc8f95dbf7f1f0c66ddcbb3362cbbe01e81e4ce63b659b20df50afbcaa0f773f185cc5633fc48aea2d9951a61eccd5db238bc524ccdbbd075a62686f808e0297cfeee4398b6772e6c2199cbd700a93da0cada4133550a9f1a355fbb9f29e5db07730ede51c93eb9f3f8ba6bcedc1922485c6004b928210251952a63e383c534b6633d5b2f457abd46ac79624451114f2590af92ce72d69e0dcc5d32857aa74f595d9baef003bf7f7b17afb7eee5abf973bb7f5f0e8ee1ed8bf1f4a241558d96cf23e934fd641ee501074b0a26928ec8a0e7d0eea3b1e1ef6f30cb5d90d0d91e788b6bbf8283f53fceb5ffa6b9f3fb88b60bded91faae8b0713b7faed18c78706e457ea3b341681b622a74deee4652ba671d1d2d9cce86862f6e456a6b5359275c731e9843dbcab8f6facdccf471fd90783d5dffc0d81b8f2a4762e5dd89ef6322449d25330c092a4206421d39c8440713969ed8b22c8e5e9cfe7c8658faf1a208a220af91c53db734c6d6f04e0d2781e6f19acd0dd5fa2bb6f8027b6ece3812dfb58b575373bf777b1b6ab9f55bbbaa0944d76291cacd4db0c1b2057804ce1d04e8643ed87b57a6044b5beabe1910156a6fe3366ea3b2dd6dbf98686c61f4aa6ea6d8d19c86439580676f0cb6af58ab1fa5b5c495a2fab03c97caf4c35594b5c0fb6721968cab2b4b381e5533a983bb9830b16cfe48c055398d1d94c7b5391062b2da413d65baa72ff8e3eaedf7880bf5ddd055da5b497f4cc35e6f8ecf366a7bd0a49927414065892148228c3c12aa75ab95e6d940438e5612e08ca44112d0d795a1af2ccea6c66d9acc9bcf49c1ae54a958152852dfbfa58bd6d1f3b7a4becee3bc0be5d7b59bfa78f7b77f5b3ae548181c124d42a5560204e7635cc44c061bbfd45f5a7973893845ed47fbe78a89aab56af98aa1ef6f393044f790e7defe1f224e154a90c95de64ae571e28f74253115a734c6f2c726a67134ba6b4b0605a3bd33b3b5938bd9345d3dbe96c2ed0500f039dc12e0d8f5235a6f8cd27c64c7be0d3b9e605b398d4e84b63499242e5b3b4240565f4874e455132472b97cdd058ccd3d9dac8a9f3261f5c4dad167360a0c49e9e01ba7a07e8e91ba07fa0ccae9e3e36eeee62cd9e01b675f7b3fd401f5b4a598ad50136f557a1564a42ae52ad1e5c45f596be2cd4aa49109525a9b68a0eabc0a27ca8e5302a40be00852ce422f20d8d2c6b6a607a53134b2735b374461bd39af34c6a6ba6b3ad89d6c60626b53632a9a5c1ca2a691414b25152e938c6bd7979072f59dc91f6322449d2d330c092241d5504643311ed4d45da9b8ac0a1d930711c53aad6182c57a954aa54aa71d24458ad52a9d6a854abf40d96e9ea2d51aa56e92f55e82fd5a856ab0c546a54ab49581745118df9e8e0c72dc52c4d850ccd0d051a1b8ae473590ab92cb94c866c3643219b23978b68cce728e4b3ceac9252f6d7739bf9fb9dfd692fe3f8b517f8775b0725490a9e019624e9b84451443197a5983bf64aa7a1b9ed51f4e419eeb5384ec666111dfc774963c325b39bf9fb7b76a7bd8ce3938978f0f279b414add894242974065892a45173783075f8c759132b69cc3a7b4673da4b386e5fba7826a74d6b4a7b199224e9188cfda1059224494a4d47430ea635a6bd8c67ec1d2b3a78fbe953d25e8624493a4606589224493a217f3d778c5561cd68e4df2e9983b59f92248d1d06589224493a2197cc1e4301566b9eed2f5d40711cec9e2849d244e233b72449924ec898998355ccb2fab71732bd259ff64a2449d2336480254992a413d2d19083290d692fe3e9e522ee79e502167706be4e4992f4940cb024499274c2de1ff21cac6cc4cd2f5fc0d933035ea324497a5a06589224493a6197cc6e497b094f2d1b71f32b16f0dc79ad69af4492249d805cda0b902449d2d8776e88d54df90cbf7cc5022e9c1368b82649928e9915589224493a61931a039b83d590e5812b16195e4992344e186049922469580433076b52918daf5dcae9d39bd25e8924491a2606589224491a1621ccc17ad1a2367aae5cc2dc8e42da4b912449c3c819589224491a16a9cec18ae0d3cf9ec1ff3e7b2a99284a6f1d92246944186049922469584c6acc416711f60d8eee15b7e5b9e7c5f3383bc441f292246958d842284992a461f367f346b78df05da77472e08d27195e499234ce196049922469d8bc70f6280549ed056e7dd5423e77e95c9a0bd9d1b94e4992941a5b08254992346cce1be94aa85cc427cf9bc61f9e3595869ce76225499a280cb0244992346ca634e747660e5604ef5cd1c9df5d309d99adee302849d2446380254992a461f567f35af8a7e10ab022b872693bff70fe74964c6a189ecb942449638e75d79224491a56c332072b1bf147a74d62dd5b96f1ed97cc37bc92246982b3024b922449c3ea84e6604d69e0f3277772e5f24e3a1a7ca92a499212be2a902449d2b09ad29c87f60274958eed1b1a73fcd58a0edeb0bc9353a6348eece22449d2986480254992a461f7ee792d7cfaa1bd47ff82198d7c62411b97cd6fe5d4698d64a268f416274992c61c032c4992240dbb17ce693e146015b39c35a391d7cf68e2c2194d9c36ad89ce465f864a92a463e72b074992240dbb8be7b672d7958b99df5e606a533eede54892a431ce004b922449c3aebd21c7b9337da9294992864726ed05489224499224494fc7004b9224499224494133c092244992244952d00cb02449922449921434032c49922449922405cd004b9224499224494133c092244992244952d00cb02449922449921434032c49922449922405cd004b9224499224494133c092244992244952d00cb02449922449921434032c49922449922405cd004b9224499224494133c092244992244952d00cb02449922449921434032c693c8ad35e802449922449c3c7004b1a2f2292bfe8f8b0ff9724499224691c30c092c69b380262032c49922449d2b86180254992244992a4a01960499224499224296806589224499224490a9a0196244992244992826680254992244992a4a01960499224499224296806589224499224490a9a01962449922449928266802549818b63a8c5b5b4972149922449a9c9a5bd0049c3250b511e3271f2313150abbf2978f1d00751723fc69943ff50ab51abc547f946499224491aff0cb0a4712303b956882b30d80fd97a785533c01a1b6a1001711ea246c8e5a03a0095326d15ef4349922449139b0196345e942b90ab4294854c04d5329081b8fe671ed5bf2ef6e3203f8eaa100fd63f6e8038026a1097c964726432435f2849922449138f0196345ec425a8f642260b711fc435c83543e49ff99810c7c04072bfc53988ab1095202a332997a7907364a1244992a489cb235b69bc88bb6020864c157283c90ca54a19ffccc78a1254bb209b83a80c14928aac6a2ff96a9628b2024b922449d2c4e591ad344e2c9ddfc6d6810cbdb52a6d518e6e3210f773a8474d61abd1499e0344948993196631cccf3671ea8c660a592bb0244992244d5c511cc76e6d258d030faedf41a91a53adc564a2985a0db251ccd3ff851f1ac26481cfc87beafb22b90fa228d92f32f99a0cc96e84d0548898d25264c6a40eef23499224491396019624499224499282664f8a244992244992826680254992244992a4a01960499224499224296806589224499224490a9a0196244992244992826680254992244992a4a01960499224499224296806589224499224490a9a0196244992244992826680254992244992a4a01960499224499224296806589224499224490a9a0196244992244992826680254992244992a4a01960499224499224296806589224499224490a9a0196244992244992826680254992244992a4a01960499224499224296806589224499224490a9a0196244992244992826680254992244992a4a01960499224499224296806589224499224490a9a0196244992244992826680254992244992a4a01960499224499224296806589224499224490a9a0196244992244992826680254992244992a4a01960499224499224296806589224499224490a9a0196244992244992826680254992244992a4a01960499224499224296806589224499224490a9a0196244992244992826680254992244992a4a01960499224499224296806589224499224490a9a0196244992244992826680254992244992a4a01960499224499224296806589224499224490a9a0196244992244992826680254992244992a4a01960499224499224296806589224499224490a9a0196244992244992826680254992244992a4a01960499224499224296806589224499224490a9a0196244992244992826680254992244992a4a01960499224499224296806589224499224490a9a0196244992244992826680254992244992a4a01960499224499224296806589224499224490a9a0196244992244992826680254992244992a4a01960499224499224296806589224499224490a9a0196244992244992826680254992244992a4a01960499224499224296806589224499224490a9a0196244992244992826680254992244992a4a01960499224499224296806589224499224490a9a0196244992244992826680254992244992a4a01960499224499224296806589224499224490a9a0196244992244992826680254992244992a4a01960499224499224296806589224499224490a9a0196244992244992826680254992244992a4a01960499224499224296806589224499224490a9a0196244992244992826680254992244992a4a01960499224499224296806589224499224490a9a0196244992244992826680254992244992a4a01960499224499224296806589224499224490a9a0196244992244992826680254992244992a4a01960499224499224296806589224499224490a9a0196244992244992826680254992244992a4a01960499224499224296806589224499224490a9a0196244992244992826680254992244992a4a01960499224499224296806589224499224490a9a0196244992244992826680254992244992a4a01960499224499224296806589224499224490a9a0196244992244992826680254992244992a4a01960499224499224296806589224499224490a9a0196244992244992826680254992244992a4a01960499224499224296806589224499224490a9a0196244992244992826680254992244992a4a01960499224499224296806589224499224490a9a0196244992244992826680254992244992a4a01960499224499224296806589224499224490a9a0196244992244992826680254992244992a4a01960499224499224296806589224499224490a9a0196244992244992826680254992244992a4a01960499224499224296806589224499224490a9a0196244992244992826680254992244992a4a01960499224499224296806589224499224490a9a0196244992244992826680254992244992a4a01960499224499224296806589224499224490a9a0196244992244992826680254992244992a4a01960499224499224296806589224499224490a9a0196244992244992826680254992244992a4a01960499224499224296806589224499224490a9a0196244992244992826680254992244992a4a01960499224499224296806589224499224490a9a0196244992244992826680254992244992a4a01960499224499224296806589224499224490a9a0196244992244992826680254992244992a4a01960499224499224296806589224499224490a9a0196244992244992826680254992244992a4a01960499224499224296806589224499224490a9a0196244992244992826680254992244992a4a01960499224499224296806589224499224490a9a0196244992244992826680254992244992a4a01960499224499224296806589224499224490a9a0196244992244992826680254992244992a4a01960499224499224296806589224499224490a9a0196244992244992826680254992244992a4a01960499224499224296806589224499224490a9a0196244992244992826680254992244992a4a01960499224499224296806589224499224490a9a0196244992244992826680254992244992a4a01960499224499224296806589224499224490a9a0196244992244992826680254992244992a4a01960499224499224296806589224499224490a9a0196244992244992826680254992244992a4a01960499224499224296806589224499224490a9a0196244992244992826680254992244992a4a01960499224499224296806589224499224490a9a0196244992244992826680254992244992a4a01960499224499224296806589224499224490a9a0196244992244992826680254992244992a4a01960499224499224296806589224499224490a9a0196244992244992826680254992244992a4a01960499224499224296806589224499224490a9a0196244992244992826680254992244992a4a01960499224499224296806589224499224490a9a0196244992244992826680254992244992a4a01960499224499224296806589224499224490a9a0196244992244992826680254992244992a4a01960499224499224296806589224499224490a9a0196244992244992826680254992244992a4a01960499224499224296806589224499224490a9a0196244992244992826680254992244992a4a01960499224499224296806589224499224490a9a0196244992244992826680254992244992a4a01960499224499224296806589224499224490a9a0196244992244992826680254992244992a4a01960499224499224296806589224499224490a9a0196244992244992826680254992244992a4a01960499224499224296806589224499224490a9a0196244992244992826680254992244992a4a01960499224499224296806589224499224490a9a0196244992244992826680254992244992a4a01960499224499224296806589224499224490a9a0196244992244992826680254992244992a4a01960499224499224296806589224499224490a9a0196244992244992826680254992244992a4a01960499224499224296806589224499224490a9a0196244992244992826680254992244992a4a01960499224499224296806589224499224490a9a0196244992244992826680254992244992a4a01960499224499224296806589224499224490a9a0196244992244992826680254992244992a4a01960499224499224296806589224499224490a9a0196244992244992826680254992244992a4a01960499224499224296806589224499224490a9a0196244992244992826680254992244992a4a01960499224499224296806589224499224490a9a0196244992244992826680254992244992a4a01960499224499224296806589224499224490a9a0196244992244992826680254992244992a4a01960499224499224296806589224499224490a9a0196244992244992826680254992244992a4a01960499224499224296806589224499224490a9a0196244992244992826680254992244992a4a01960499224499224296806589224499224490a9a0196244992244992826680254992244992a4a01960499224499224296806589224499224490a9a0196244992244992826680254992244992a4a01960499224499224296806589224499224490a9a0196244992244992826680254992244992a4a01960499224499224296806589224499224490a9a0196244992244992826680254992244992a4a01960499224499224296806589224499224490a9a0196244992244992826680254992244992a4a01960499224499224296806589224499224490a9a0196244992244992826680254992244992a4a01960499224499224296806589224499224490a9a0196244992244992826680254992244992a4a01960499224499224296806589224499224490a9a0196244992244992826680254992244992a4a01960499224499224296806589224499224490a9a0196244992244992826680254992244992a4a01960499224499224296806589224499224490a9a0196244992244992826680254992244992a4a01960499224499224296806589224499224490a9a0196244992244992826680254992244992a4a01960499224499224296806589224499224490a9a0196244992244992826680254992244992a4a01960499224499224296806589224499224490a9a0196244992244992826680254992244992a4a01960499224499224296806589224499224490a9a0196244992244992826680254992244992a4a01960499224499224296806589224499224490a9a0196244992244992826680254992244992a4a01960499224499224296806589224499224490a9a0196244992244992826680254992244992a4a01960499224499224296806589224499224490a9a0196244992244992826680254992244992a4a01960499224499224296806589224499224490a9a0196244992244992826680254992244992a4a01960499224499224296806589224499224490a9a0196244992244992826680254992244992a4a01960499224499224296806589224499224490a9a0196244992244992826680254992244992a4a01960499224499224296806589224499224490a9a0196244992244992826680254992244992a4a01960499224499224296806589224499224490a9a0196244992244992826680254992244992a4a01960499224499224296806589224499224490a9a0196244992244992826680254992244992a4a01960499224499224296806589224499224490a9a0196244992244992826680254992244992a4a01960499224499224296806589224499224490a9a0196244992244992826680254992244992a4a01960499224499224296806589224499224490a9a0196244992244992826680254992244992a4a0fdff0bb917ed1553a3b00000000049454e44ae426082, 1);

-- --------------------------------------------------------

--
-- Estructura de tabla para la tabla `especialidades`
--

CREATE TABLE `especialidades` (
  `id_especialidades` int(11) NOT NULL,
  `nombre` varchar(100) NOT NULL,
  `descripcion` text,
  `estado` int(11) DEFAULT '1'
) ENGINE=InnoDB DEFAULT CHARSET=utf8mb4 COLLATE=utf8mb4_0900_ai_ci;

--
-- Volcado de datos para la tabla `especialidades`
--

INSERT INTO `especialidades` (`id_especialidades`, `nombre`, `descripcion`, `estado`) VALUES
(1, 'CARDIOLOGIA', NULL, 1),
(2, 'NEUROLOGIA', NULL, 1),
(3, 'GINECOLOGIA', NULL, 1);

-- --------------------------------------------------------

--
-- Estructura de tabla para la tabla `estudios`
--

CREATE TABLE `estudios` (
  `id_estudios` int(11) NOT NULL,
  `id_laboratorios` int(11) NOT NULL,
  `id_personas` int(11) NOT NULL,
  `observacion` text NOT NULL,
  `imagen` longblob,
  `id_tipos_estudios` int(11) NOT NULL,
  `precio` decimal(10,2) NOT NULL,
  `id_empleados` int(11) NOT NULL,
  `fecha_hora` timestamp NULL DEFAULT CURRENT_TIMESTAMP,
  `estado` int(11) DEFAULT '1'
) ENGINE=InnoDB DEFAULT CHARSET=utf8mb4 COLLATE=utf8mb4_0900_ai_ci;

-- --------------------------------------------------------

--
-- Estructura de tabla para la tabla `facturas`
--

CREATE TABLE `facturas` (
  `id_facturas` int(11) NOT NULL,
  `id_tipos_facturas` int(11) NOT NULL,
  `fecha` date NOT NULL,
  `id_pacientes` int(11) NOT NULL,
  `id_seguros` int(11) NOT NULL,
  `subtotal` decimal(10,2) NOT NULL,
  `itbis` decimal(10,2) NOT NULL,
  `descuento` decimal(10,2) NOT NULL,
  `descuento_seguro` decimal(10,2) NOT NULL,
  `total` decimal(10,2) NOT NULL,
  `balance` decimal(10,2) NOT NULL,
  `id_empleados` int(11) NOT NULL,
  `estado` int(11) DEFAULT '1'
) ENGINE=InnoDB DEFAULT CHARSET=utf8mb4 COLLATE=utf8mb4_0900_ai_ci;

-- --------------------------------------------------------

--
-- Estructura de tabla para la tabla `internos`
--

CREATE TABLE `internos` (
  `id_internos` int(11) NOT NULL,
  `id_salas` int(11) NOT NULL,
  `id_pacientes` int(11) NOT NULL,
  `id_empleados` int(11) NOT NULL,
  `motivo_interno` text NOT NULL,
  `observaciones` text NOT NULL,
  `fecha_entrada` datetime NOT NULL DEFAULT CURRENT_TIMESTAMP,
  `fecha_salida` datetime DEFAULT NULL,
  `estado` int(11) DEFAULT '1'
) ENGINE=InnoDB DEFAULT CHARSET=utf8mb4 COLLATE=utf8mb4_0900_ai_ci;

--
-- Volcado de datos para la tabla `internos`
--

INSERT INTO `internos` (`id_internos`, `id_salas`, `id_pacientes`, `id_empleados`, `motivo_interno`, `observaciones`, `fecha_entrada`, `fecha_salida`, `estado`) VALUES
(1, 3, 2, 5, 'NEUCEMIA', 'Golpes en el Torax', '2023-11-21 09:53:45', NULL, 2),
(2, 3, 9, 5, 'DENGUE', 'asd', '2023-11-21 10:00:15', NULL, 2),
(3, 3, 6, 5, 'DENGUE', 'gert', '2023-11-21 18:44:14', NULL, 1),
(4, 7, 11, 5, 'ACCIDENTE, LE ROMPIERON LA BOCA POR FRECO', 'asd', '2023-11-21 18:48:54', NULL, 1),
(5, 2, 9, 5, 'ACCIDENTE DE TRANSITO', 'asd', '2023-11-21 18:51:24', NULL, 1),
(6, 6, 14, 5, 'MAL DE AMORES', 'trhj', '2023-11-21 18:53:18', NULL, 1);

-- --------------------------------------------------------

--
-- Estructura de tabla para la tabla `laboratorios`
--

CREATE TABLE `laboratorios` (
  `id_laboratorios` int(11) NOT NULL,
  `nombre` varchar(100) NOT NULL,
  `descripcion` text,
  `estado` int(11) DEFAULT '1'
) ENGINE=InnoDB DEFAULT CHARSET=utf8mb4 COLLATE=utf8mb4_0900_ai_ci;

--
-- Volcado de datos para la tabla `laboratorios`
--

INSERT INTO `laboratorios` (`id_laboratorios`, `nombre`, `descripcion`, `estado`) VALUES
(1, 'LAB-RAYOS X', 'LABORATORIO DE TOD TIPO DE RAYOS X', 1),
(2, 'LAB-GENERAL', 'LABORATORIO GENERAL', 1),
(3, 'LAB-REZONANCIAS', 'LABORATORIO DE REZONANCIAS', 1);

-- --------------------------------------------------------

--
-- Estructura de tabla para la tabla `lotes`
--

CREATE TABLE `lotes` (
  `id_lotes` int(11) NOT NULL,
  `codigo_lote` varchar(50) NOT NULL,
  `id_productos` int(11) NOT NULL,
  `fecha_ingreso` date NOT NULL,
  `fecha_vencimiento` date NOT NULL,
  `estado` int(11) DEFAULT '1'
) ENGINE=InnoDB DEFAULT CHARSET=utf8mb4 COLLATE=utf8mb4_0900_ai_ci;

-- --------------------------------------------------------

--
-- Estructura de tabla para la tabla `ordenes_medicas`
--

CREATE TABLE `ordenes_medicas` (
  `id_ordenes_medicas` int(11) NOT NULL,
  `id_pacientes` int(11) NOT NULL,
  `descripcion` text NOT NULL,
  `id_empleados` int(11) NOT NULL,
  `fecha` datetime NOT NULL,
  `estado` int(11) DEFAULT '1'
) ENGINE=InnoDB DEFAULT CHARSET=utf8mb4 COLLATE=utf8mb4_0900_ai_ci;

-- --------------------------------------------------------

--
-- Estructura de tabla para la tabla `pacientes`
--

CREATE TABLE `pacientes` (
  `id_pacientes` int(11) NOT NULL,
  `id_personas` int(11) NOT NULL,
  `informacion_suministrada` text NOT NULL,
  `observaciones` text NOT NULL,
  `estado` int(11) DEFAULT '1'
) ENGINE=InnoDB DEFAULT CHARSET=utf8mb4 COLLATE=utf8mb4_0900_ai_ci;

--
-- Volcado de datos para la tabla `pacientes`
--

INSERT INTO `pacientes` (`id_pacientes`, `id_personas`, `informacion_suministrada`, `observaciones`, `estado`) VALUES
(1, 9, 'Paciente', 'Dolor de Cabeza', 1),
(2, 1, 'Paciente', 'Golpes en el Torax', 1),
(3, 11, 'ASD', 'ASD', 1),
(4, 30, 'dj', 'df', 1),
(5, 7, 'tyere', 'gert', 1),
(6, 7, 'tyere', 'gert', 1),
(7, 26, 'hjedg', 'dhf', 1),
(8, 17, 'asdlkj', 'alksdhj', 1),
(9, 13, 'asd', 'asd', 1),
(10, 12, 'jfewnfkjwh', 'ruifjbn', 1),
(11, 37, 'ads', 'asd', 1),
(12, 34, 'asd', 'asd', 1),
(13, 23, '343', 'asd', 1),
(14, 2, 'fujfdj', 'trhj', 1);

-- --------------------------------------------------------

--
-- Estructura de tabla para la tabla `pedidos_proveedores`
--

CREATE TABLE `pedidos_proveedores` (
  `id_pedidos_proveedores` int(11) NOT NULL,
  `id_tipos_facturas` int(11) NOT NULL,
  `id_proveedores` int(11) NOT NULL,
  `fecha` date NOT NULL,
  `subtotal` decimal(10,2) NOT NULL,
  `itbis` decimal(10,2) NOT NULL,
  `total` decimal(10,2) NOT NULL,
  `estado` int(11) DEFAULT '1'
) ENGINE=InnoDB DEFAULT CHARSET=utf8mb4 COLLATE=utf8mb4_0900_ai_ci;

-- --------------------------------------------------------

--
-- Estructura de tabla para la tabla `permisos`
--

CREATE TABLE `permisos` (
  `id_vistas` int(11) NOT NULL,
  `id_roles_usuarios` int(11) NOT NULL,
  `estado` int(11) DEFAULT '1'
) ENGINE=InnoDB DEFAULT CHARSET=utf8mb4 COLLATE=utf8mb4_0900_ai_ci;

--
-- Volcado de datos para la tabla `permisos`
--

INSERT INTO `permisos` (`id_vistas`, `id_roles_usuarios`, `estado`) VALUES
(3, 1, 1),
(1, 1, 1),
(10, 1, 1),
(9, 1, 1),
(6, 1, 1),
(5, 1, 1),
(7, 1, 1),
(8, 1, 1),
(2, 1, 1),
(4, 1, 1),
(1, 2, 1),
(10, 2, 1),
(9, 2, 1),
(5, 2, 1),
(7, 2, 1),
(8, 2, 1),
(2, 2, 1),
(4, 2, 1),
(9, 4, 1),
(5, 4, 1),
(7, 4, 1),
(8, 4, 1),
(2, 4, 1),
(4, 4, 1),
(1, 3, 1),
(8, 3, 1),
(4, 3, 1);

-- --------------------------------------------------------

--
-- Estructura de tabla para la tabla `personas`
--

CREATE TABLE `personas` (
  `id_personas` int(11) NOT NULL,
  `cedula` varchar(20) NOT NULL,
  `nombre` varchar(100) NOT NULL,
  `apellido` varchar(100) NOT NULL,
  `genero` varchar(20) NOT NULL,
  `nacionalidad` varchar(100) CHARACTER SET utf8mb4 COLLATE utf8mb4_0900_ai_ci DEFAULT NULL,
  `fecha_nacimiento` date DEFAULT NULL,
  `tipo_sangre` varchar(20) DEFAULT NULL,
  `estado_civil` varchar(50) DEFAULT NULL,
  `raza` varchar(50) DEFAULT NULL,
  `religion` varchar(50) DEFAULT NULL,
  `escolaridad` varchar(100) DEFAULT NULL,
  `ocupacion` varchar(100) DEFAULT NULL,
  `habitos_toxicos` varchar(255) CHARACTER SET utf8mb4 COLLATE utf8mb4_0900_ai_ci DEFAULT NULL,
  `medicamentos_alergicos` varchar(255) CHARACTER SET utf8mb4 COLLATE utf8mb4_0900_ai_ci DEFAULT NULL,
  `medicamentos_recetados` varchar(255) DEFAULT NULL,
  `estado` int(11) DEFAULT '1'
) ENGINE=InnoDB DEFAULT CHARSET=utf8mb4 COLLATE=utf8mb4_0900_ai_ci;

--
-- Volcado de datos para la tabla `personas`
--

INSERT INTO `personas` (`id_personas`, `cedula`, `nombre`, `apellido`, `genero`, `nacionalidad`, `fecha_nacimiento`, `tipo_sangre`, `estado_civil`, `raza`, `religion`, `escolaridad`, `ocupacion`, `habitos_toxicos`, `medicamentos_alergicos`, `medicamentos_recetados`, `estado`) VALUES
(1, '402-375288-3', 'Robinson', 'Duran Reynoso', 'MASCULINO', 'DOMINICANO', '1999-07-01', '0-', 'CASADO', NULL, NULL, NULL, NULL, 'CAFE DE VEZ EN CUANDO', '', 'AMPERATOR', 1),
(2, '402-37528835-7', 'Ivel Yakeysi', 'Uceta Carrasco', 'FEMENINO', 'DOMINICANA', '2023-11-17', '0-', 'CASADO', 'MESTIZA', 'CATOLICA', 'UNIVERSITARIA', 'INGENIERA', NULL, NULL, NULL, 1),
(3, '402-3849138-8', 'Pascasio', 'Nunez', 'MASCULINO', 'DOMINICANA', '2023-11-10', 'A+', 'MASCULINO', 'MESTIZO', 'CATOLICO', 'UNIVERSITARIO', 'DOCTOR', NULL, NULL, NULL, 1),
(4, '031-0219910-0', 'Abel', 'Ponce González', 'MASCULINO', 'DOMINICANO', '1999-10-19', NULL, NULL, NULL, NULL, NULL, NULL, NULL, NULL, NULL, 1),
(5, '031-0417440-8', 'Airée', 'Coronado López', 'FEMENINO', 'DOMINICANA', '2000-04-17', NULL, NULL, NULL, NULL, NULL, NULL, NULL, NULL, NULL, 1),
(6, '031-0417450-6', 'Aldrianny', 'Acosta Polanco', 'FEMENINO', 'DOMINICANA', '2000-04-17', NULL, NULL, NULL, NULL, NULL, NULL, NULL, NULL, NULL, 1),
(7, '001-1112210-0', 'Alfredo', 'Sánchez Gómez', 'MASCULINO', 'DOMINICANO', '2000-10-27', NULL, NULL, NULL, NULL, NULL, NULL, 'TOMA ALCHOHOL DE VEZ EN CUANDO', 'AMPICILINA', 'TROXIAL', 1),
(8, '001-1112220-0', 'Amaris', 'Martínez Gómez', 'FEMENINO', 'DOMINICANA', '2000-10-27', NULL, NULL, NULL, NULL, NULL, NULL, NULL, NULL, NULL, 1),
(9, '001-1112230-0', 'Ángel', 'Gutierrez Gómez', 'MASCULINO', 'DOMINICANO', '2000-10-27', NULL, NULL, NULL, NULL, NULL, NULL, 'TOMA ALCOHOL DE VEZ EN CUANDO', 'AMPICILINA', 'AMPERATOR', 1),
(10, '001-1112240-0', 'Aylen', 'Gutierrez Perez', 'FEMENINO', 'DOMINICANA', '2000-10-27', NULL, NULL, NULL, NULL, NULL, NULL, NULL, NULL, NULL, 1),
(11, '001-1112490-0', 'Carlos', 'Hernández Gómez', 'MASCULINO', 'DOMINICANO', '2000-10-27', NULL, NULL, NULL, NULL, NULL, NULL, NULL, NULL, NULL, 1),
(12, '001-1112510-0', 'Sofía', 'González Martinez', 'FEMENINO', 'DOMINICANA', '1995-03-12', NULL, NULL, NULL, NULL, NULL, NULL, NULL, NULL, NULL, 1),
(13, '001-1112520-0', 'Sebastián', 'Moreno Alvarez', 'MASCULINO', 'DOMINICANO', '1990-08-19', NULL, NULL, NULL, NULL, NULL, NULL, NULL, NULL, NULL, 1),
(14, '001-1112530-0', 'Valentina', 'Álvarez Santos', 'FEMENINO', 'DOMINICANA', '1987-11-30', NULL, NULL, NULL, NULL, NULL, NULL, NULL, NULL, NULL, 1),
(15, '001-1112540-0', 'Mateo', 'Romero Martinez', 'MASCULINO', 'DOMINICANO', '1983-06-25', NULL, NULL, NULL, NULL, NULL, NULL, NULL, NULL, NULL, 1),
(16, '001-1112550-0', 'Isabella', 'Torres Hernadez', 'FEMENINO', 'DOMINICANA', '1978-02-17', NULL, NULL, NULL, NULL, NULL, NULL, NULL, NULL, NULL, 1),
(17, '001-1112560-0', 'Nicolás', 'Gómez Duran', 'MASCULINO', 'DOMINICANO', '1975-09-10', NULL, NULL, NULL, NULL, NULL, NULL, NULL, NULL, NULL, 1),
(18, '001-1112570-0', 'Luisa', 'Díaz Uceta', 'FEMENINO', 'DOMINICANA', '1970-12-03', NULL, NULL, NULL, NULL, NULL, NULL, NULL, NULL, NULL, 1),
(19, '001-1112580-0', 'Samuel', 'Pérez Ulloa', 'MASCULINO', 'DOMINICANO', '1965-07-15', NULL, NULL, NULL, NULL, NULL, NULL, NULL, NULL, NULL, 1),
(20, '001-1112590-0', 'Emilia', 'Duran Santos', 'FEMENINO', 'DOMINICANA', '1960-01-28', NULL, NULL, NULL, NULL, NULL, NULL, NULL, NULL, NULL, 1),
(21, '001-1112600-0', 'Juan', 'Martínez Flores', 'MASCULINO', 'DOMINICANO', '1955-04-22', NULL, NULL, NULL, NULL, NULL, NULL, NULL, NULL, NULL, 1),
(22, '001-1112610-0', 'Valeria', 'Rodríguez Gonzales', 'FEMENINO', 'DOMINICANA', '1950-10-05', NULL, NULL, NULL, NULL, NULL, NULL, NULL, NULL, NULL, 1),
(23, '001-1112620-0', 'Emilio', 'Hernández Manza', 'MASCULINO', 'DOMINICANO', '1945-08-08', NULL, NULL, NULL, NULL, NULL, NULL, NULL, NULL, NULL, 1),
(24, '001-1112630-0', 'Victoria', 'Flores Rodriguez', 'FEMENINO', 'DOMINICANA', '1940-06-13', NULL, NULL, NULL, NULL, NULL, NULL, NULL, NULL, NULL, 1),
(25, '001-1112640-0', 'Carlos', 'López Hernandez', 'MASCULINO', 'DOMINICANO', '1935-11-18', NULL, NULL, NULL, NULL, NULL, NULL, NULL, NULL, NULL, 1),
(26, '001-1112650-0', 'María', 'Ramírez Colon', 'FEMENINO', 'DOMINICANA', '1930-09-21', NULL, NULL, NULL, NULL, NULL, NULL, NULL, NULL, NULL, 1),
(27, '001-1112660-0', 'Diego', 'García Sosa', 'MASCULINO', 'DOMINICANO', '1925-12-25', NULL, NULL, NULL, NULL, NULL, NULL, NULL, NULL, NULL, 1),
(28, '001-1112670-0', 'Juliana', 'Reyes Manuel', 'FEMENINO', 'DOMINICANA', '1920-02-29', NULL, NULL, NULL, NULL, NULL, NULL, NULL, NULL, NULL, 1),
(29, '001-1112680-0', 'Antonio', 'Suárez Alvarez', 'MASCULINO', 'DOMINICANO', '1915-10-31', NULL, NULL, NULL, NULL, NULL, NULL, NULL, NULL, NULL, 1),
(30, '001-1112690-0', 'Paula', 'Herrera Garcia', 'FEMENINO', 'DOMINICANA', '1910-08-17', NULL, NULL, NULL, NULL, NULL, NULL, NULL, NULL, NULL, 1),
(31, '001-1112700-0', 'Joaquín', 'Cruz Molina', 'MASCULINO', 'DOMINICANO', '1905-04-01', NULL, NULL, NULL, NULL, NULL, NULL, NULL, NULL, NULL, 1),
(32, '001-1112710-0', 'Amelia', 'Ortiz Camina', 'FEMENINO', 'DOMINICANA', '1900-06-03', NULL, NULL, NULL, NULL, NULL, NULL, NULL, NULL, NULL, 1),
(33, '001-1112720-0', 'Pedro', 'Molina Reynoso', 'MASCULINO', 'DOMINICANO', '1895-12-07', NULL, NULL, NULL, NULL, NULL, NULL, NULL, NULL, NULL, 1),
(34, '001-1112730-0', 'Laura', 'Gutiérrez Carrasco', 'FEMENINO', 'DOMINICANA', '1890-11-11', NULL, NULL, NULL, NULL, NULL, NULL, NULL, NULL, NULL, 1),
(35, '001-1112740-0', 'Miguel', 'Núñez Suero', 'MASCULINO', 'DOMINICANO', '1885-05-16', NULL, NULL, NULL, NULL, NULL, NULL, NULL, NULL, NULL, 1),
(36, '001-1112750-0', 'Isabel', 'Sánchez Baez', 'FEMENINO', 'DOMINICANA', '1880-07-20', NULL, NULL, NULL, NULL, NULL, NULL, NULL, NULL, NULL, 1),
(37, '40237528845', 'NOMAR', 'ULLOA', 'MASCULINO', 'DOMINICANA', '2023-11-29', 'MASCULINO', 'MASCULINO', 'MESTISO', 'CATOLICA', 'UNIVERSITARIA', 'INGENIERO', NULL, NULL, NULL, 1);

-- --------------------------------------------------------

--
-- Estructura de tabla para la tabla `productos`
--

CREATE TABLE `productos` (
  `id_productos` int(11) NOT NULL,
  `codigo_sugemi` varchar(50) DEFAULT NULL,
  `codigo_promese` varchar(50) DEFAULT NULL,
  `nombre_comercial` varchar(100) NOT NULL,
  `descripcion_comercial` text,
  `id_compuestos_medicamentos` int(11) DEFAULT NULL,
  `concentracion` varchar(50) NOT NULL,
  `tipo_presentacion` varchar(50) NOT NULL,
  `id_tipos_medicamentos` int(11) NOT NULL,
  `precio_compra` decimal(10,2) NOT NULL,
  `precio_venta` decimal(10,2) NOT NULL,
  `stock` int(11) NOT NULL,
  `estado` int(11) DEFAULT '1'
) ENGINE=InnoDB DEFAULT CHARSET=utf8mb4 COLLATE=utf8mb4_0900_ai_ci;

--
-- Volcado de datos para la tabla `productos`
--

INSERT INTO `productos` (`id_productos`, `codigo_sugemi`, `codigo_promese`, `nombre_comercial`, `descripcion_comercial`, `id_compuestos_medicamentos`, `concentracion`, `tipo_presentacion`, `id_tipos_medicamentos`, `precio_compra`, `precio_venta`, `stock`, `estado`) VALUES
(1, '6578409384', '3898473987', 'AMPICILINA 500', 'COMPUESTO PARA DOLORES DE CABEZA', 3, '500', 'CÁPSULAS', 1, '500.00', '635.00', 1000, 1),
(2, '6578879380', '3898473984', 'AMMIDOL TREX', 'ANTIACIDO POTENTE PARA EL DOLOR DE ESTOMAGO', 17, '500', 'JARABE', 1, '1150.00', '1345.00', 500, 1),
(3, '6578409300', '3569827891', 'AMOSISILINA', 'DOLORES DE CABEZA', 7, '300', 'CÁPSULAS', 1, '300.00', '375.00', 1000, 1),
(4, '76436454354', '85568454898', 'hjtfftydytrtsd', 'otytygfdersl iutyterrts tstrd', NULL, '700', 'med', 1, '87.00', '987.00', 7786, 1),
(5, '81819618', '56784658', 'AMOCICILINA', 'DESCRIPCION DERT', NULL, '300', 'med', 1, '1200.00', '1650.00', 500, 1),
(6, '4767565', '575767567', 'ffjhfgjf', 'ghjgjgj', NULL, '500', 'med', 1, '4.00', '445.00', 554, 1),
(7, '234234', '234234', 'fgdgdgd', 'dgdgfd', NULL, '574', 'TABLETAS', 1, '854.00', '7878.00', 5454, 1);

-- --------------------------------------------------------

--
-- Estructura de tabla para la tabla `proveedores`
--

CREATE TABLE `proveedores` (
  `id_proveedores` int(11) NOT NULL,
  `nombre_compania` varchar(255) NOT NULL,
  `nombre_contacto` varchar(100) NOT NULL,
  `telefono` varchar(20) NOT NULL,
  `correo` varchar(255) NOT NULL,
  `direccion` varchar(255) NOT NULL,
  `rnc` varchar(20) NOT NULL,
  `estado` int(11) DEFAULT '1'
) ENGINE=InnoDB DEFAULT CHARSET=utf8mb4 COLLATE=utf8mb4_0900_ai_ci;

-- --------------------------------------------------------

--
-- Estructura de tabla para la tabla `roles_usuarios`
--

CREATE TABLE `roles_usuarios` (
  `id_roles_usuarios` int(11) NOT NULL,
  `nombre` varchar(100) NOT NULL,
  `descripcion` text,
  `estado` int(11) DEFAULT '1'
) ENGINE=InnoDB DEFAULT CHARSET=utf8mb4 COLLATE=utf8mb4_0900_ai_ci;

--
-- Volcado de datos para la tabla `roles_usuarios`
--

INSERT INTO `roles_usuarios` (`id_roles_usuarios`, `nombre`, `descripcion`, `estado`) VALUES
(1, 'ADMINISTRADOR', 'ADMINISTRADOR DEL SISTEMA', 1),
(2, 'MEDICO', NULL, 1),
(3, 'ENFERMERA', NULL, 1),
(4, 'SECRETARIA', NULL, 1),
(5, 'RECEPCIONISTA', NULL, 1),
(6, 'GERENTE', NULL, 1);

-- --------------------------------------------------------

--
-- Estructura de tabla para la tabla `salas`
--

CREATE TABLE `salas` (
  `id_salas` int(11) NOT NULL,
  `codigo` varchar(10) NOT NULL,
  `descripcion` text,
  `costo_hora` decimal(10,2) NOT NULL,
  `id_tipos_salas` int(11) NOT NULL,
  `estado` int(11) DEFAULT '1'
) ENGINE=InnoDB DEFAULT CHARSET=utf8mb4 COLLATE=utf8mb4_0900_ai_ci;

--
-- Volcado de datos para la tabla `salas`
--

INSERT INTO `salas` (`id_salas`, `codigo`, `descripcion`, `costo_hora`, `id_tipos_salas`, `estado`) VALUES
(1, 'H-1', 'SALA PERSONAL PARA PACIENTES AREA DE HOMBRES', '150.00', 2, 1),
(2, 'H-2', 'SALA PERSONAL PARA PACIENTES AREA DE HOMBRES', '150.00', 2, 1),
(3, 'HV-1', 'SALAS VIP DE PACIENTES', '345.00', 4, 1),
(4, 'M-1', 'SALA PERSONAL PARA PACIENTES AREA MUJERES', '150.00', 2, 1),
(5, 'M-2', 'SALA PERSONAL PARA PACIENTES AREA MUJERES', '150.00', 2, 1),
(6, 'MV-1', 'SALA PERSONAL VIP PARA PACIENTES AREA DE MUJERES', '345.00', 4, 1),
(7, 'Q-1', 'QUIROFANO PRINCIPAL PRIMER PISO', '0.00', 1, 1);

-- --------------------------------------------------------

--
-- Estructura de tabla para la tabla `seguros`
--

CREATE TABLE `seguros` (
  `id_seguros` int(11) NOT NULL,
  `id_aseguradoras` int(11) NOT NULL,
  `id_pacientes` int(11) NOT NULL,
  `numero_poliza` varchar(50) NOT NULL,
  `id_tipos_seguros` int(11) NOT NULL,
  `fecha_expedicion` date NOT NULL,
  `cobertura` text NOT NULL,
  `estado` int(11) DEFAULT '1'
) ENGINE=InnoDB DEFAULT CHARSET=utf8mb4 COLLATE=utf8mb4_0900_ai_ci;

-- --------------------------------------------------------

--
-- Estructura de tabla para la tabla `telefonos`
--

CREATE TABLE `telefonos` (
  `id_telefonos` int(11) NOT NULL,
  `numero_telefono` varchar(20) NOT NULL,
  `estado` int(11) DEFAULT '1'
) ENGINE=InnoDB DEFAULT CHARSET=utf8mb4 COLLATE=utf8mb4_0900_ai_ci;

--
-- Volcado de datos para la tabla `telefonos`
--

INSERT INTO `telefonos` (`id_telefonos`, `numero_telefono`, `estado`) VALUES
(1, '8095797834', 1),
(2, '8092051825', 1),
(3, '8094583619', 1);

-- --------------------------------------------------------

--
-- Estructura de tabla para la tabla `telefonos_personas`
--

CREATE TABLE `telefonos_personas` (
  `id_telefonos` int(11) NOT NULL,
  `id_personas` int(11) NOT NULL,
  `estado` int(11) DEFAULT '1'
) ENGINE=InnoDB DEFAULT CHARSET=utf8mb4 COLLATE=utf8mb4_0900_ai_ci;

--
-- Volcado de datos para la tabla `telefonos_personas`
--

INSERT INTO `telefonos_personas` (`id_telefonos`, `id_personas`, `estado`) VALUES
(2, 1, 1),
(1, 17, 1),
(3, 31, 1);

-- --------------------------------------------------------

--
-- Estructura de tabla para la tabla `tipos_donaciones`
--

CREATE TABLE `tipos_donaciones` (
  `id_tipos_donaciones` int(11) NOT NULL,
  `nombre` varchar(100) NOT NULL,
  `descripcion` text,
  `estado` int(11) DEFAULT '1'
) ENGINE=InnoDB DEFAULT CHARSET=utf8mb4 COLLATE=utf8mb4_0900_ai_ci;

--
-- Volcado de datos para la tabla `tipos_donaciones`
--

INSERT INTO `tipos_donaciones` (`id_tipos_donaciones`, `nombre`, `descripcion`, `estado`) VALUES
(1, 'Sangre', 'Contribuir con sangre que se utiliza para transfusiones, cirugías y tratamientos médicos.', 1),
(2, 'Órganos', 'Donar órganos como riñones, hígado, corazón, pulmones, etc., para trasplantes médicos.', 1),
(3, 'Plasma', 'Proporcionar plasma sanguíneo, que se utiliza en tratamientos médicos y farmacéuticos.', 1),
(4, 'Plaquetas', 'Contribuir con plaquetas sanguíneas utilizadas en el tratamiento de pacientes con enfermedades sanguíneas o que han recibido quimioterapia.', 1),
(5, 'Células Madre', 'Donar células madre para tratamientos de enfermedades hematológicas y trastornos del sistema inmunológico.', 1),
(6, 'Leche Materna', 'Contribuir con leche materna para bebés prematuros o aquellos que necesitan cuidados especiales.', 1),
(7, 'Cabello', 'Cortar el cabello para hacer pelucas destinadas a personas que han perdido el pelo debido a tratamientos médicos.', 1),
(8, 'Equipos Médicos', 'Proporcionar equipos médicos nuevos o usados, como monitores, desfibriladores, camillas, etc.', 1),
(9, 'Suministros Médicos', 'Entregar suministros médicos esenciales como vendajes, gasas, jeringas, guantes y otros materiales.', 1),
(10, 'Medicamentos', 'Contribuir con medicamentos necesarios y en buen estado para su uso en tratamientos médicos.', 1),
(11, 'Mobiliario Médico', 'Proporcionar muebles médicos, como camillas, sillas de ruedas, mesas de examen, etc.', 1),
(12, 'Dispositivos Médicos', 'Entregar dispositivos médicos, como bombas de insulina, medidores de glucosa, etc.', 1),
(13, 'Ropa Hospitalaria', 'Contribuir con batas, uniformes y ropa hospitalaria para el personal médico.', 1),
(14, 'Material de Oficina', 'Proporcionar material de oficina y suministros administrativos para ayudar en la gestión interna.', 1),
(15, 'Tiempo Voluntario', 'Ofrecer servicios voluntarios para ayudar en diversas actividades dentro del hospital o clínica.', 1);

-- --------------------------------------------------------

--
-- Estructura de tabla para la tabla `tipos_estudios`
--

CREATE TABLE `tipos_estudios` (
  `id_tipos_estudios` int(11) NOT NULL,
  `nombre` varchar(100) NOT NULL,
  `descripcion` text,
  `costo` decimal(10,2) NOT NULL,
  `estado` int(11) NOT NULL DEFAULT '1'
) ENGINE=InnoDB DEFAULT CHARSET=utf8mb4 COLLATE=utf8mb4_0900_ai_ci;

--
-- Volcado de datos para la tabla `tipos_estudios`
--

INSERT INTO `tipos_estudios` (`id_tipos_estudios`, `nombre`, `descripcion`, `costo`, `estado`) VALUES
(1, 'Análisis de Sangre Completo', 'Evalúa la salud general a través de la medición de diferentes parámetros en la sangre.', '1000.00', 1),
(2, 'Radiografía de Tórax', 'Imagen radiográfica de los pulmones y estructuras torácicas.', '1500.00', 1),
(3, 'Ecografía Abdominal', 'Imágenes por ultrasonido del abdomen para evaluar órganos internos.', '2000.00', 1),
(4, 'Electrocardiograma (ECG)', 'Registra la actividad eléctrica del corazón.', '800.00', 1),
(5, 'Mamografía', 'Estudio de rayos X para la detección de anomalías en las mamas.', '2500.00', 1),
(6, 'Colonoscopía', 'Examen visual del colon para la detección de pólipos o cáncer.', '4000.00', 1),
(7, 'Prueba de Glucosa en Ayunas', 'Mide los niveles de glucosa en la sangre después de un ayuno nocturno.', '800.00', 1),
(8, 'Tomografía Computarizada (TC) de Cabeza', 'Imágenes detalladas del cerebro mediante rayos X.', '3500.00', 1),
(9, 'Resonancia Magnética (RM) de Rodilla', 'Imágenes detalladas de la rodilla mediante campos magnéticos.', '4000.00', 1),
(10, 'Prueba de Papanicolaou (Pap)', 'Detección de células anormales en el cuello uterino.', '1500.00', 1),
(11, 'Holter (Monitoreo Ambulatorio de Electrocardiograma)', 'Registra la actividad eléctrica del corazón durante 24 horas.', '1500.00', 1),
(12, 'Densitometría Ósea', 'Evalúa la densidad mineral ósea para detectar osteoporosis.', '2500.00', 1),
(13, 'Prueba de VIH', 'Detección de anticuerpos contra el virus de la inmunodeficiencia humana.', '500.00', 1),
(14, 'Tomografía Computarizada (TC) de Abdomen y Pelvis', 'Imágenes detalladas de órganos abdominales y pélvicos.', '4500.00', 1),
(15, 'Endoscopía Digestiva Alta', 'Examen visual del esófago y el estómago con un endoscopio.', '3000.00', 1);

-- --------------------------------------------------------

--
-- Estructura de tabla para la tabla `tipos_facturas`
--

CREATE TABLE `tipos_facturas` (
  `id_tipos_facturas` int(11) NOT NULL,
  `descripcion` text,
  `estado` int(11) DEFAULT '1'
) ENGINE=InnoDB DEFAULT CHARSET=utf8mb4 COLLATE=utf8mb4_0900_ai_ci;

--
-- Volcado de datos para la tabla `tipos_facturas`
--

INSERT INTO `tipos_facturas` (`id_tipos_facturas`, `descripcion`, `estado`) VALUES
(1, 'CREDITO', 1),
(2, 'CONTADO', 1);

-- --------------------------------------------------------

--
-- Estructura de tabla para la tabla `tipos_productos`
--

CREATE TABLE `tipos_productos` (
  `id_tipos_productos` int(11) NOT NULL,
  `nombre` varchar(100) NOT NULL,
  `descripcion` text,
  `estado` int(11) DEFAULT '1'
) ENGINE=InnoDB DEFAULT CHARSET=utf8mb4 COLLATE=utf8mb4_0900_ai_ci;

--
-- Volcado de datos para la tabla `tipos_productos`
--

INSERT INTO `tipos_productos` (`id_tipos_productos`, `nombre`, `descripcion`, `estado`) VALUES
(1, 'med', 'Medicamentos', 1),
(2, 'eqm', 'Equipos Medicos', 1);

-- --------------------------------------------------------

--
-- Estructura de tabla para la tabla `tipos_salas`
--

CREATE TABLE `tipos_salas` (
  `id_tipos_salas` int(11) NOT NULL,
  `nombre` varchar(100) NOT NULL,
  `descripcion` text,
  `estado` int(11) DEFAULT '1'
) ENGINE=InnoDB DEFAULT CHARSET=utf8mb4 COLLATE=utf8mb4_0900_ai_ci;

--
-- Volcado de datos para la tabla `tipos_salas`
--

INSERT INTO `tipos_salas` (`id_tipos_salas`, `nombre`, `descripcion`, `estado`) VALUES
(1, 'QUIROFANOS', 'SALAS DE OPERACIONES', 1),
(2, 'SALAS PRIVADAS', 'SALAS PRIVADAS DE PACIENTES', 1),
(3, 'SALAS COMUNES', 'SALAS COMPARTIDAS', 1),
(4, 'SALAS VIP', '', 1),
(5, 'CUIDADOS INTENSIVOS', '', 1);

-- --------------------------------------------------------

--
-- Estructura de tabla para la tabla `tipos_seguros`
--

CREATE TABLE `tipos_seguros` (
  `id_tipos_seguros` int(11) NOT NULL,
  `nombre` varchar(100) NOT NULL,
  `descripcion` text,
  `id_aseguradoras` int(11) NOT NULL,
  `estado` int(11) DEFAULT '1'
) ENGINE=InnoDB DEFAULT CHARSET=utf8mb4 COLLATE=utf8mb4_0900_ai_ci;

--
-- Volcado de datos para la tabla `tipos_seguros`
--

INSERT INTO `tipos_seguros` (`id_tipos_seguros`, `nombre`, `descripcion`, `id_aseguradoras`, `estado`) VALUES
(1, 'SeNaSa Plan Premium', 'Con el Plan SeNaSa Premium disfrutarás de una amplia cobertura en exclusivos centros de salud a nivel nacional, brindándote la tranquilidad de una vida sana y en equilibrio.', 1, 1);

-- --------------------------------------------------------

--
-- Estructura de tabla para la tabla `usuarios`
--

CREATE TABLE `usuarios` (
  `id_usuarios` int(11) NOT NULL,
  `id_empleados` int(11) NOT NULL,
  `usuario` varchar(100) NOT NULL,
  `contrasena` varchar(255) NOT NULL,
  `id_roles_usuarios` int(11) NOT NULL,
  `estado` int(11) DEFAULT '1'
) ENGINE=InnoDB DEFAULT CHARSET=utf8mb4 COLLATE=utf8mb4_0900_ai_ci;

--
-- Volcado de datos para la tabla `usuarios`
--

INSERT INTO `usuarios` (`id_usuarios`, `id_empleados`, `usuario`, `contrasena`, `id_roles_usuarios`, `estado`) VALUES
(1, 3, 'RDURAN', 'qFfELykNYZ0=', 1, 1),
(2, 20, 'ISABEL', 'qFfELykNYZ0=', 1, 1),
(3, 12, 'CARLOS', '/ISnYCRA2tM=', 1, 1),
(4, 4, 'YAKEYSI', 'd70VendQiwk=', 1, 1),
(5, 3, 'admin', 'cqSnNZ/C3c0=', 1, 1),
(6, 5, 'pascasio', 'Uc7m55tMyMU=', 2, 1),
(7, 17, 'emilia', 'ue61wmBnwQI=', 4, 1);

-- --------------------------------------------------------

--
-- Estructura de tabla para la tabla `vistas`
--

CREATE TABLE `vistas` (
  `id_vistas` int(11) NOT NULL,
  `nombre` varchar(100) NOT NULL,
  `descripcion` text,
  `estado` int(11) DEFAULT '1'
) ENGINE=InnoDB DEFAULT CHARSET=utf8mb4 COLLATE=utf8mb4_0900_ai_ci;

--
-- Volcado de datos para la tabla `vistas`
--

INSERT INTO `vistas` (`id_vistas`, `nombre`, `descripcion`, `estado`) VALUES
(1, 'EMERGENCIAS', NULL, 1),
(2, 'CITAS', NULL, 1),
(3, 'EMPLEADOS', NULL, 1),
(4, 'INTERNOS', NULL, 1),
(5, 'FARMACIA', NULL, 1),
(6, 'AJUSTES', NULL, 1),
(7, 'REPORTES', NULL, 1),
(8, 'PACIENTES', NULL, 1),
(9, 'FACTURACION', NULL, 1),
(10, 'LABORATORIO', NULL, 1);

--
-- Índices para tablas volcadas
--

--
-- Indices de la tabla `aseguradoras`
--
ALTER TABLE `aseguradoras`
  ADD PRIMARY KEY (`id_aseguradoras`);

--
-- Indices de la tabla `cargos_empleados`
--
ALTER TABLE `cargos_empleados`
  ADD PRIMARY KEY (`id_cargos_empleados`);

--
-- Indices de la tabla `citas`
--
ALTER TABLE `citas`
  ADD PRIMARY KEY (`id_citas`),
  ADD KEY `id_personas` (`id_personas`),
  ADD KEY `id_empleados` (`id_empleados`),
  ADD KEY `id_departamentos` (`id_departamentos`);

--
-- Indices de la tabla `compuestos`
--
ALTER TABLE `compuestos`
  ADD PRIMARY KEY (`id_compuestos`);

--
-- Indices de la tabla `compuestos_medicamentos`
--
ALTER TABLE `compuestos_medicamentos`
  ADD PRIMARY KEY (`id_compuestos_medicamentos`),
  ADD KEY `id_productos` (`id_productos`),
  ADD KEY `id_compuestos` (`id_compuestos`);

--
-- Indices de la tabla `correos`
--
ALTER TABLE `correos`
  ADD PRIMARY KEY (`id_correos`);

--
-- Indices de la tabla `correos_personas`
--
ALTER TABLE `correos_personas`
  ADD KEY `id_correos` (`id_correos`),
  ADD KEY `id_personas` (`id_personas`);

--
-- Indices de la tabla `departamentos`
--
ALTER TABLE `departamentos`
  ADD PRIMARY KEY (`id_departamentos`);

--
-- Indices de la tabla `departamentos_especialidades`
--
ALTER TABLE `departamentos_especialidades`
  ADD KEY `id_departamentos` (`id_departamentos`),
  ADD KEY `id_especialidades` (`id_especialidades`);

--
-- Indices de la tabla `detalles_emergencias`
--
ALTER TABLE `detalles_emergencias`
  ADD PRIMARY KEY (`id_detalles_emergencias`),
  ADD KEY `id_emergencias` (`id_emergencias`),
  ADD KEY `id_productos` (`id_productos`),
  ADD KEY `id_empleados` (`id_empleados`);

--
-- Indices de la tabla `detalles_facturas`
--
ALTER TABLE `detalles_facturas`
  ADD PRIMARY KEY (`id_detalles_facturas`),
  ADD KEY `id_facturas` (`id_facturas`),
  ADD KEY `id_productos` (`id_productos`);

--
-- Indices de la tabla `detalles_internos`
--
ALTER TABLE `detalles_internos`
  ADD PRIMARY KEY (`id_detalles_internos`),
  ADD KEY `id_internos` (`id_internos`),
  ADD KEY `id_productos` (`id_productos`),
  ADD KEY `id_empleados` (`id_empleados`);

--
-- Indices de la tabla `detalles_pedidos`
--
ALTER TABLE `detalles_pedidos`
  ADD PRIMARY KEY (`id_detalles_pedidos`),
  ADD KEY `id_pedidos_proveedores` (`id_pedidos_proveedores`),
  ADD KEY `id_productos` (`id_productos`);

--
-- Indices de la tabla `direcciones`
--
ALTER TABLE `direcciones`
  ADD PRIMARY KEY (`id_direcciones`);

--
-- Indices de la tabla `direcciones_personas`
--
ALTER TABLE `direcciones_personas`
  ADD KEY `id_direcciones` (`id_direcciones`),
  ADD KEY `id_personas` (`id_personas`);

--
-- Indices de la tabla `donaciones`
--
ALTER TABLE `donaciones`
  ADD PRIMARY KEY (`id_donaciones`),
  ADD KEY `id_tipo_donaciones` (`id_tipo_donaciones`),
  ADD KEY `id_donantes` (`id_donantes`),
  ADD KEY `id_empleados` (`id_empleados`),
  ADD KEY `id_pacientes` (`id_pacientes`);

--
-- Indices de la tabla `donantes`
--
ALTER TABLE `donantes`
  ADD PRIMARY KEY (`id_donantes`),
  ADD KEY `id_personas` (`id_personas`);

--
-- Indices de la tabla `emergencias`
--
ALTER TABLE `emergencias`
  ADD PRIMARY KEY (`id_emergencias`),
  ADD KEY `id_salas` (`id_salas`),
  ADD KEY `id_pacientes` (`id_pacientes`),
  ADD KEY `id_empleados` (`id_empleados`);

--
-- Indices de la tabla `empleados`
--
ALTER TABLE `empleados`
  ADD PRIMARY KEY (`id_empleados`),
  ADD KEY `id_personas` (`id_personas`),
  ADD KEY `id_cargos_empleados` (`id_cargos_empleados`),
  ADD KEY `id_especialidades` (`id_especialidades`);

--
-- Indices de la tabla `empresa`
--
ALTER TABLE `empresa`
  ADD PRIMARY KEY (`id_empresa`);

--
-- Indices de la tabla `especialidades`
--
ALTER TABLE `especialidades`
  ADD PRIMARY KEY (`id_especialidades`);

--
-- Indices de la tabla `estudios`
--
ALTER TABLE `estudios`
  ADD PRIMARY KEY (`id_estudios`),
  ADD KEY `id_laboratorios` (`id_laboratorios`),
  ADD KEY `id_personas` (`id_personas`),
  ADD KEY `id_tipos_estudios` (`id_tipos_estudios`),
  ADD KEY `id_empleados` (`id_empleados`);

--
-- Indices de la tabla `facturas`
--
ALTER TABLE `facturas`
  ADD PRIMARY KEY (`id_facturas`),
  ADD KEY `id_tipos_facturas` (`id_tipos_facturas`),
  ADD KEY `id_pacientes` (`id_pacientes`),
  ADD KEY `id_seguros` (`id_seguros`),
  ADD KEY `id_empleados` (`id_empleados`);

--
-- Indices de la tabla `internos`
--
ALTER TABLE `internos`
  ADD PRIMARY KEY (`id_internos`),
  ADD KEY `id_salas` (`id_salas`),
  ADD KEY `id_pacientes` (`id_pacientes`),
  ADD KEY `id_empleados` (`id_empleados`);

--
-- Indices de la tabla `laboratorios`
--
ALTER TABLE `laboratorios`
  ADD PRIMARY KEY (`id_laboratorios`);

--
-- Indices de la tabla `lotes`
--
ALTER TABLE `lotes`
  ADD PRIMARY KEY (`id_lotes`),
  ADD KEY `id_productos` (`id_productos`);

--
-- Indices de la tabla `ordenes_medicas`
--
ALTER TABLE `ordenes_medicas`
  ADD PRIMARY KEY (`id_ordenes_medicas`),
  ADD KEY `id_pacientes` (`id_pacientes`),
  ADD KEY `id_empleados` (`id_empleados`);

--
-- Indices de la tabla `pacientes`
--
ALTER TABLE `pacientes`
  ADD PRIMARY KEY (`id_pacientes`),
  ADD KEY `id_personas` (`id_personas`);

--
-- Indices de la tabla `pedidos_proveedores`
--
ALTER TABLE `pedidos_proveedores`
  ADD PRIMARY KEY (`id_pedidos_proveedores`),
  ADD KEY `id_tipos_facturas` (`id_tipos_facturas`),
  ADD KEY `id_proveedores` (`id_proveedores`);

--
-- Indices de la tabla `permisos`
--
ALTER TABLE `permisos`
  ADD KEY `id_roles_usuarios` (`id_roles_usuarios`),
  ADD KEY `id_vistas` (`id_vistas`) USING BTREE;

--
-- Indices de la tabla `personas`
--
ALTER TABLE `personas`
  ADD PRIMARY KEY (`id_personas`),
  ADD UNIQUE KEY `cedula` (`cedula`);

--
-- Indices de la tabla `productos`
--
ALTER TABLE `productos`
  ADD PRIMARY KEY (`id_productos`),
  ADD KEY `id_tipos_medicamentos` (`id_tipos_medicamentos`),
  ADD KEY `id_compuestos_medicamentos` (`id_compuestos_medicamentos`) USING BTREE;

--
-- Indices de la tabla `proveedores`
--
ALTER TABLE `proveedores`
  ADD PRIMARY KEY (`id_proveedores`);

--
-- Indices de la tabla `roles_usuarios`
--
ALTER TABLE `roles_usuarios`
  ADD PRIMARY KEY (`id_roles_usuarios`);

--
-- Indices de la tabla `salas`
--
ALTER TABLE `salas`
  ADD PRIMARY KEY (`id_salas`),
  ADD KEY `id_tipos_salas` (`id_tipos_salas`);

--
-- Indices de la tabla `seguros`
--
ALTER TABLE `seguros`
  ADD PRIMARY KEY (`id_seguros`),
  ADD KEY `id_tipos_seguros` (`id_tipos_seguros`);

--
-- Indices de la tabla `telefonos`
--
ALTER TABLE `telefonos`
  ADD PRIMARY KEY (`id_telefonos`);

--
-- Indices de la tabla `telefonos_personas`
--
ALTER TABLE `telefonos_personas`
  ADD KEY `id_telefonos` (`id_telefonos`),
  ADD KEY `id_personas` (`id_personas`);

--
-- Indices de la tabla `tipos_donaciones`
--
ALTER TABLE `tipos_donaciones`
  ADD PRIMARY KEY (`id_tipos_donaciones`);

--
-- Indices de la tabla `tipos_estudios`
--
ALTER TABLE `tipos_estudios`
  ADD PRIMARY KEY (`id_tipos_estudios`);

--
-- Indices de la tabla `tipos_facturas`
--
ALTER TABLE `tipos_facturas`
  ADD PRIMARY KEY (`id_tipos_facturas`);

--
-- Indices de la tabla `tipos_productos`
--
ALTER TABLE `tipos_productos`
  ADD PRIMARY KEY (`id_tipos_productos`);

--
-- Indices de la tabla `tipos_salas`
--
ALTER TABLE `tipos_salas`
  ADD PRIMARY KEY (`id_tipos_salas`);

--
-- Indices de la tabla `tipos_seguros`
--
ALTER TABLE `tipos_seguros`
  ADD PRIMARY KEY (`id_tipos_seguros`);

--
-- Indices de la tabla `usuarios`
--
ALTER TABLE `usuarios`
  ADD PRIMARY KEY (`id_usuarios`),
  ADD KEY `id_empleados` (`id_empleados`),
  ADD KEY `id_roles_usuarios` (`id_roles_usuarios`);

--
-- Indices de la tabla `vistas`
--
ALTER TABLE `vistas`
  ADD PRIMARY KEY (`id_vistas`);

--
-- AUTO_INCREMENT de las tablas volcadas
--

--
-- AUTO_INCREMENT de la tabla `aseguradoras`
--
ALTER TABLE `aseguradoras`
  MODIFY `id_aseguradoras` int(11) NOT NULL AUTO_INCREMENT, AUTO_INCREMENT=3;

--
-- AUTO_INCREMENT de la tabla `cargos_empleados`
--
ALTER TABLE `cargos_empleados`
  MODIFY `id_cargos_empleados` int(11) NOT NULL AUTO_INCREMENT, AUTO_INCREMENT=10;

--
-- AUTO_INCREMENT de la tabla `citas`
--
ALTER TABLE `citas`
  MODIFY `id_citas` int(11) NOT NULL AUTO_INCREMENT, AUTO_INCREMENT=9;

--
-- AUTO_INCREMENT de la tabla `compuestos`
--
ALTER TABLE `compuestos`
  MODIFY `id_compuestos` int(11) NOT NULL AUTO_INCREMENT, AUTO_INCREMENT=31;

--
-- AUTO_INCREMENT de la tabla `compuestos_medicamentos`
--
ALTER TABLE `compuestos_medicamentos`
  MODIFY `id_compuestos_medicamentos` int(11) NOT NULL AUTO_INCREMENT, AUTO_INCREMENT=2;

--
-- AUTO_INCREMENT de la tabla `correos`
--
ALTER TABLE `correos`
  MODIFY `id_correos` int(11) NOT NULL AUTO_INCREMENT, AUTO_INCREMENT=5;

--
-- AUTO_INCREMENT de la tabla `departamentos`
--
ALTER TABLE `departamentos`
  MODIFY `id_departamentos` int(11) NOT NULL AUTO_INCREMENT, AUTO_INCREMENT=3;

--
-- AUTO_INCREMENT de la tabla `detalles_emergencias`
--
ALTER TABLE `detalles_emergencias`
  MODIFY `id_detalles_emergencias` int(11) NOT NULL AUTO_INCREMENT, AUTO_INCREMENT=3;

--
-- AUTO_INCREMENT de la tabla `detalles_facturas`
--
ALTER TABLE `detalles_facturas`
  MODIFY `id_detalles_facturas` int(11) NOT NULL AUTO_INCREMENT;

--
-- AUTO_INCREMENT de la tabla `detalles_internos`
--
ALTER TABLE `detalles_internos`
  MODIFY `id_detalles_internos` int(11) NOT NULL AUTO_INCREMENT, AUTO_INCREMENT=11;

--
-- AUTO_INCREMENT de la tabla `detalles_pedidos`
--
ALTER TABLE `detalles_pedidos`
  MODIFY `id_detalles_pedidos` int(11) NOT NULL AUTO_INCREMENT;

--
-- AUTO_INCREMENT de la tabla `direcciones`
--
ALTER TABLE `direcciones`
  MODIFY `id_direcciones` int(11) NOT NULL AUTO_INCREMENT;

--
-- AUTO_INCREMENT de la tabla `donaciones`
--
ALTER TABLE `donaciones`
  MODIFY `id_donaciones` int(11) NOT NULL AUTO_INCREMENT, AUTO_INCREMENT=2;

--
-- AUTO_INCREMENT de la tabla `donantes`
--
ALTER TABLE `donantes`
  MODIFY `id_donantes` int(11) NOT NULL AUTO_INCREMENT, AUTO_INCREMENT=3;

--
-- AUTO_INCREMENT de la tabla `emergencias`
--
ALTER TABLE `emergencias`
  MODIFY `id_emergencias` int(11) NOT NULL AUTO_INCREMENT, AUTO_INCREMENT=2;

--
-- AUTO_INCREMENT de la tabla `empleados`
--
ALTER TABLE `empleados`
  MODIFY `id_empleados` int(11) NOT NULL AUTO_INCREMENT, AUTO_INCREMENT=24;

--
-- AUTO_INCREMENT de la tabla `empresa`
--
ALTER TABLE `empresa`
  MODIFY `id_empresa` int(11) NOT NULL AUTO_INCREMENT, AUTO_INCREMENT=2;

--
-- AUTO_INCREMENT de la tabla `especialidades`
--
ALTER TABLE `especialidades`
  MODIFY `id_especialidades` int(11) NOT NULL AUTO_INCREMENT, AUTO_INCREMENT=4;

--
-- AUTO_INCREMENT de la tabla `estudios`
--
ALTER TABLE `estudios`
  MODIFY `id_estudios` int(11) NOT NULL AUTO_INCREMENT;

--
-- AUTO_INCREMENT de la tabla `facturas`
--
ALTER TABLE `facturas`
  MODIFY `id_facturas` int(11) NOT NULL AUTO_INCREMENT;

--
-- AUTO_INCREMENT de la tabla `internos`
--
ALTER TABLE `internos`
  MODIFY `id_internos` int(11) NOT NULL AUTO_INCREMENT, AUTO_INCREMENT=7;

--
-- AUTO_INCREMENT de la tabla `laboratorios`
--
ALTER TABLE `laboratorios`
  MODIFY `id_laboratorios` int(11) NOT NULL AUTO_INCREMENT, AUTO_INCREMENT=4;

--
-- AUTO_INCREMENT de la tabla `lotes`
--
ALTER TABLE `lotes`
  MODIFY `id_lotes` int(11) NOT NULL AUTO_INCREMENT;

--
-- AUTO_INCREMENT de la tabla `ordenes_medicas`
--
ALTER TABLE `ordenes_medicas`
  MODIFY `id_ordenes_medicas` int(11) NOT NULL AUTO_INCREMENT;

--
-- AUTO_INCREMENT de la tabla `pacientes`
--
ALTER TABLE `pacientes`
  MODIFY `id_pacientes` int(11) NOT NULL AUTO_INCREMENT, AUTO_INCREMENT=15;

--
-- AUTO_INCREMENT de la tabla `pedidos_proveedores`
--
ALTER TABLE `pedidos_proveedores`
  MODIFY `id_pedidos_proveedores` int(11) NOT NULL AUTO_INCREMENT;

--
-- AUTO_INCREMENT de la tabla `productos`
--
ALTER TABLE `productos`
  MODIFY `id_productos` int(11) NOT NULL AUTO_INCREMENT, AUTO_INCREMENT=8;

--
-- AUTO_INCREMENT de la tabla `proveedores`
--
ALTER TABLE `proveedores`
  MODIFY `id_proveedores` int(11) NOT NULL AUTO_INCREMENT;

--
-- AUTO_INCREMENT de la tabla `roles_usuarios`
--
ALTER TABLE `roles_usuarios`
  MODIFY `id_roles_usuarios` int(11) NOT NULL AUTO_INCREMENT, AUTO_INCREMENT=7;

--
-- AUTO_INCREMENT de la tabla `salas`
--
ALTER TABLE `salas`
  MODIFY `id_salas` int(11) NOT NULL AUTO_INCREMENT, AUTO_INCREMENT=8;

--
-- AUTO_INCREMENT de la tabla `seguros`
--
ALTER TABLE `seguros`
  MODIFY `id_seguros` int(11) NOT NULL AUTO_INCREMENT;

--
-- AUTO_INCREMENT de la tabla `telefonos`
--
ALTER TABLE `telefonos`
  MODIFY `id_telefonos` int(11) NOT NULL AUTO_INCREMENT, AUTO_INCREMENT=4;

--
-- AUTO_INCREMENT de la tabla `tipos_donaciones`
--
ALTER TABLE `tipos_donaciones`
  MODIFY `id_tipos_donaciones` int(11) NOT NULL AUTO_INCREMENT, AUTO_INCREMENT=16;

--
-- AUTO_INCREMENT de la tabla `tipos_estudios`
--
ALTER TABLE `tipos_estudios`
  MODIFY `id_tipos_estudios` int(11) NOT NULL AUTO_INCREMENT, AUTO_INCREMENT=16;

--
-- AUTO_INCREMENT de la tabla `tipos_facturas`
--
ALTER TABLE `tipos_facturas`
  MODIFY `id_tipos_facturas` int(11) NOT NULL AUTO_INCREMENT, AUTO_INCREMENT=3;

--
-- AUTO_INCREMENT de la tabla `tipos_productos`
--
ALTER TABLE `tipos_productos`
  MODIFY `id_tipos_productos` int(11) NOT NULL AUTO_INCREMENT, AUTO_INCREMENT=3;

--
-- AUTO_INCREMENT de la tabla `tipos_salas`
--
ALTER TABLE `tipos_salas`
  MODIFY `id_tipos_salas` int(11) NOT NULL AUTO_INCREMENT, AUTO_INCREMENT=6;

--
-- AUTO_INCREMENT de la tabla `tipos_seguros`
--
ALTER TABLE `tipos_seguros`
  MODIFY `id_tipos_seguros` int(11) NOT NULL AUTO_INCREMENT, AUTO_INCREMENT=2;

--
-- AUTO_INCREMENT de la tabla `usuarios`
--
ALTER TABLE `usuarios`
  MODIFY `id_usuarios` int(11) NOT NULL AUTO_INCREMENT, AUTO_INCREMENT=8;

--
-- AUTO_INCREMENT de la tabla `vistas`
--
ALTER TABLE `vistas`
  MODIFY `id_vistas` int(11) NOT NULL AUTO_INCREMENT, AUTO_INCREMENT=11;

--
-- Restricciones para tablas volcadas
--

--
-- Filtros para la tabla `citas`
--
ALTER TABLE `citas`
  ADD CONSTRAINT `citas_ibfk_1` FOREIGN KEY (`id_personas`) REFERENCES `personas` (`id_personas`),
  ADD CONSTRAINT `citas_ibfk_2` FOREIGN KEY (`id_empleados`) REFERENCES `empleados` (`id_empleados`),
  ADD CONSTRAINT `citas_ibfk_3` FOREIGN KEY (`id_departamentos`) REFERENCES `departamentos` (`id_departamentos`);

--
-- Filtros para la tabla `compuestos_medicamentos`
--
ALTER TABLE `compuestos_medicamentos`
  ADD CONSTRAINT `compuestos_medicamentos_ibfk_1` FOREIGN KEY (`id_productos`) REFERENCES `productos` (`id_productos`),
  ADD CONSTRAINT `compuestos_medicamentos_ibfk_2` FOREIGN KEY (`id_compuestos`) REFERENCES `compuestos` (`id_compuestos`);

--
-- Filtros para la tabla `correos_personas`
--
ALTER TABLE `correos_personas`
  ADD CONSTRAINT `correos_personas_ibfk_1` FOREIGN KEY (`id_correos`) REFERENCES `correos` (`id_correos`),
  ADD CONSTRAINT `correos_personas_ibfk_2` FOREIGN KEY (`id_personas`) REFERENCES `personas` (`id_personas`);

--
-- Filtros para la tabla `departamentos_especialidades`
--
ALTER TABLE `departamentos_especialidades`
  ADD CONSTRAINT `departamentos_especialidades_ibfk_1` FOREIGN KEY (`id_departamentos`) REFERENCES `departamentos` (`id_departamentos`),
  ADD CONSTRAINT `departamentos_especialidades_ibfk_2` FOREIGN KEY (`id_especialidades`) REFERENCES `especialidades` (`id_especialidades`);

--
-- Filtros para la tabla `detalles_emergencias`
--
ALTER TABLE `detalles_emergencias`
  ADD CONSTRAINT `detalles_emergencias_ibfk_1` FOREIGN KEY (`id_emergencias`) REFERENCES `emergencias` (`id_emergencias`),
  ADD CONSTRAINT `detalles_emergencias_ibfk_2` FOREIGN KEY (`id_productos`) REFERENCES `productos` (`id_productos`),
  ADD CONSTRAINT `detalles_emergencias_ibfk_3` FOREIGN KEY (`id_empleados`) REFERENCES `empleados` (`id_empleados`);

--
-- Filtros para la tabla `detalles_facturas`
--
ALTER TABLE `detalles_facturas`
  ADD CONSTRAINT `detalles_facturas_ibfk_1` FOREIGN KEY (`id_facturas`) REFERENCES `facturas` (`id_facturas`),
  ADD CONSTRAINT `detalles_facturas_ibfk_2` FOREIGN KEY (`id_productos`) REFERENCES `productos` (`id_productos`);

--
-- Filtros para la tabla `detalles_internos`
--
ALTER TABLE `detalles_internos`
  ADD CONSTRAINT `detalles_internos_ibfk_1` FOREIGN KEY (`id_internos`) REFERENCES `internos` (`id_internos`),
  ADD CONSTRAINT `detalles_internos_ibfk_2` FOREIGN KEY (`id_productos`) REFERENCES `productos` (`id_productos`),
  ADD CONSTRAINT `detalles_internos_ibfk_3` FOREIGN KEY (`id_empleados`) REFERENCES `empleados` (`id_empleados`);

--
-- Filtros para la tabla `detalles_pedidos`
--
ALTER TABLE `detalles_pedidos`
  ADD CONSTRAINT `detalles_pedidos_ibfk_1` FOREIGN KEY (`id_pedidos_proveedores`) REFERENCES `pedidos_proveedores` (`id_pedidos_proveedores`),
  ADD CONSTRAINT `detalles_pedidos_ibfk_2` FOREIGN KEY (`id_productos`) REFERENCES `productos` (`id_productos`);

--
-- Filtros para la tabla `direcciones_personas`
--
ALTER TABLE `direcciones_personas`
  ADD CONSTRAINT `direcciones_personas_ibfk_1` FOREIGN KEY (`id_direcciones`) REFERENCES `direcciones` (`id_direcciones`),
  ADD CONSTRAINT `direcciones_personas_ibfk_2` FOREIGN KEY (`id_personas`) REFERENCES `personas` (`id_personas`);

--
-- Filtros para la tabla `donaciones`
--
ALTER TABLE `donaciones`
  ADD CONSTRAINT `donaciones_ibfk_1` FOREIGN KEY (`id_tipo_donaciones`) REFERENCES `tipos_donaciones` (`id_tipos_donaciones`),
  ADD CONSTRAINT `donaciones_ibfk_2` FOREIGN KEY (`id_donantes`) REFERENCES `donantes` (`id_donantes`),
  ADD CONSTRAINT `donaciones_ibfk_3` FOREIGN KEY (`id_empleados`) REFERENCES `empleados` (`id_empleados`),
  ADD CONSTRAINT `donaciones_ibfk_4` FOREIGN KEY (`id_pacientes`) REFERENCES `pacientes` (`id_pacientes`);

--
-- Filtros para la tabla `donantes`
--
ALTER TABLE `donantes`
  ADD CONSTRAINT `donantes_ibfk_1` FOREIGN KEY (`id_personas`) REFERENCES `personas` (`id_personas`);

--
-- Filtros para la tabla `emergencias`
--
ALTER TABLE `emergencias`
  ADD CONSTRAINT `emergencias_ibfk_1` FOREIGN KEY (`id_salas`) REFERENCES `salas` (`id_salas`),
  ADD CONSTRAINT `emergencias_ibfk_2` FOREIGN KEY (`id_pacientes`) REFERENCES `pacientes` (`id_pacientes`),
  ADD CONSTRAINT `emergencias_ibfk_3` FOREIGN KEY (`id_empleados`) REFERENCES `empleados` (`id_empleados`);

--
-- Filtros para la tabla `empleados`
--
ALTER TABLE `empleados`
  ADD CONSTRAINT `empleados_ibfk_1` FOREIGN KEY (`id_personas`) REFERENCES `personas` (`id_personas`),
  ADD CONSTRAINT `empleados_ibfk_2` FOREIGN KEY (`id_cargos_empleados`) REFERENCES `cargos_empleados` (`id_cargos_empleados`),
  ADD CONSTRAINT `empleados_ibfk_3` FOREIGN KEY (`id_especialidades`) REFERENCES `especialidades` (`id_especialidades`);

--
-- Filtros para la tabla `estudios`
--
ALTER TABLE `estudios`
  ADD CONSTRAINT `estudios_ibfk_1` FOREIGN KEY (`id_laboratorios`) REFERENCES `laboratorios` (`id_laboratorios`),
  ADD CONSTRAINT `estudios_ibfk_2` FOREIGN KEY (`id_personas`) REFERENCES `personas` (`id_personas`),
  ADD CONSTRAINT `estudios_ibfk_3` FOREIGN KEY (`id_tipos_estudios`) REFERENCES `tipos_estudios` (`id_tipos_estudios`),
  ADD CONSTRAINT `estudios_ibfk_4` FOREIGN KEY (`id_empleados`) REFERENCES `empleados` (`id_empleados`);

--
-- Filtros para la tabla `facturas`
--
ALTER TABLE `facturas`
  ADD CONSTRAINT `facturas_ibfk_1` FOREIGN KEY (`id_tipos_facturas`) REFERENCES `tipos_facturas` (`id_tipos_facturas`),
  ADD CONSTRAINT `facturas_ibfk_2` FOREIGN KEY (`id_pacientes`) REFERENCES `pacientes` (`id_pacientes`),
  ADD CONSTRAINT `facturas_ibfk_3` FOREIGN KEY (`id_seguros`) REFERENCES `seguros` (`id_seguros`),
  ADD CONSTRAINT `facturas_ibfk_4` FOREIGN KEY (`id_empleados`) REFERENCES `empleados` (`id_empleados`);

--
-- Filtros para la tabla `internos`
--
ALTER TABLE `internos`
  ADD CONSTRAINT `internos_ibfk_1` FOREIGN KEY (`id_salas`) REFERENCES `salas` (`id_salas`),
  ADD CONSTRAINT `internos_ibfk_2` FOREIGN KEY (`id_pacientes`) REFERENCES `pacientes` (`id_pacientes`),
  ADD CONSTRAINT `internos_ibfk_3` FOREIGN KEY (`id_empleados`) REFERENCES `empleados` (`id_empleados`);

--
-- Filtros para la tabla `lotes`
--
ALTER TABLE `lotes`
  ADD CONSTRAINT `lotes_ibfk_1` FOREIGN KEY (`id_productos`) REFERENCES `productos` (`id_productos`);

--
-- Filtros para la tabla `ordenes_medicas`
--
ALTER TABLE `ordenes_medicas`
  ADD CONSTRAINT `ordenes_medicas_ibfk_1` FOREIGN KEY (`id_pacientes`) REFERENCES `pacientes` (`id_pacientes`),
  ADD CONSTRAINT `ordenes_medicas_ibfk_2` FOREIGN KEY (`id_empleados`) REFERENCES `empleados` (`id_empleados`);

--
-- Filtros para la tabla `pacientes`
--
ALTER TABLE `pacientes`
  ADD CONSTRAINT `pacientes_ibfk_1` FOREIGN KEY (`id_personas`) REFERENCES `personas` (`id_personas`);

--
-- Filtros para la tabla `pedidos_proveedores`
--
ALTER TABLE `pedidos_proveedores`
  ADD CONSTRAINT `pedidos_proveedores_ibfk_1` FOREIGN KEY (`id_tipos_facturas`) REFERENCES `tipos_facturas` (`id_tipos_facturas`),
  ADD CONSTRAINT `pedidos_proveedores_ibfk_2` FOREIGN KEY (`id_proveedores`) REFERENCES `proveedores` (`id_proveedores`);

--
-- Filtros para la tabla `permisos`
--
ALTER TABLE `permisos`
  ADD CONSTRAINT `permisos_ibfk_1` FOREIGN KEY (`id_vistas`) REFERENCES `vistas` (`id_vistas`),
  ADD CONSTRAINT `permisos_ibfk_2` FOREIGN KEY (`id_roles_usuarios`) REFERENCES `roles_usuarios` (`id_roles_usuarios`);

--
-- Filtros para la tabla `productos`
--
ALTER TABLE `productos`
  ADD CONSTRAINT `productos_ibfk_1` FOREIGN KEY (`id_compuestos_medicamentos`) REFERENCES `compuestos` (`id_compuestos`),
  ADD CONSTRAINT `productos_ibfk_2` FOREIGN KEY (`id_tipos_medicamentos`) REFERENCES `tipos_productos` (`id_tipos_productos`);

--
-- Filtros para la tabla `salas`
--
ALTER TABLE `salas`
  ADD CONSTRAINT `salas_ibfk_1` FOREIGN KEY (`id_tipos_salas`) REFERENCES `tipos_salas` (`id_tipos_salas`);

--
-- Filtros para la tabla `seguros`
--
ALTER TABLE `seguros`
  ADD CONSTRAINT `seguros_ibfk_1` FOREIGN KEY (`id_tipos_seguros`) REFERENCES `tipos_seguros` (`id_tipos_seguros`);

--
-- Filtros para la tabla `telefonos_personas`
--
ALTER TABLE `telefonos_personas`
  ADD CONSTRAINT `telefonos_personas_ibfk_1` FOREIGN KEY (`id_telefonos`) REFERENCES `telefonos` (`id_telefonos`),
  ADD CONSTRAINT `telefonos_personas_ibfk_2` FOREIGN KEY (`id_personas`) REFERENCES `personas` (`id_personas`);

--
-- Filtros para la tabla `usuarios`
--
ALTER TABLE `usuarios`
  ADD CONSTRAINT `usuarios_ibfk_1` FOREIGN KEY (`id_empleados`) REFERENCES `empleados` (`id_empleados`),
  ADD CONSTRAINT `usuarios_ibfk_2` FOREIGN KEY (`id_roles_usuarios`) REFERENCES `roles_usuarios` (`id_roles_usuarios`);
COMMIT;

/*!40101 SET CHARACTER_SET_CLIENT=@OLD_CHARACTER_SET_CLIENT */;
/*!40101 SET CHARACTER_SET_RESULTS=@OLD_CHARACTER_SET_RESULTS */;
/*!40101 SET COLLATION_CONNECTION=@OLD_COLLATION_CONNECTION */;
